IT Minds LLC,Python Developer,https://www.linkedin.com/jobs/view/3489038426/,India
eStaffing Inc.,Front End Developer _Backend/Frontend (Remote)_India,https://www.linkedin.com/jobs/view/3502034731/,India
Cloud Counselage Pvt. Ltd.,JUNIOR FULL STACK WEB DEVELOPER,https://www.linkedin.com/jobs/view/3459085693/,India
eStaffing Inc.,Software Engineer (Entry Level)_Remote,https://www.linkedin.com/jobs/view/3531202627/,India
Eightfold,Backend Software Engineer,https://www.linkedin.com/jobs/view/3559872065/,India
Adeepat Enterprises,Wordpress Developer intern,https://www.linkedin.com/jobs/view/3551826387/,"Kozhikode, Kerala, India"
Eightfold,Backend Software Engineer,https://www.linkedin.com/jobs/view/3559872065/,India
hushh.ai,Strategic Planning Intern,https://www.linkedin.com/jobs/view/3509238112/,India
eStaffing Inc.,HR Internship- Remote- Freshers,https://www.linkedin.com/jobs/view/3507350285/,India
SportsTribe,Campus Ambassador,https://www.linkedin.com/jobs/view/3534542376/,India
Zylicon HackDev Technologies,React Intern,https://www.linkedin.com/jobs/view/3543312056/,India
eStaffing Inc.,Front End Developer _Backend/Frontend (Remote)_India,https://www.linkedin.com/jobs/view/3502034731/,India
IT Minds LLC,Embedded C++ Developer,https://www.linkedin.com/jobs/view/3554732184/,India
Skybox Security,Python Solution Developer,https://www.linkedin.com/jobs/view/3552098601/,"Bengaluru, Karnataka, India"
