raidboxes®,Werkstudent Sales (m/w/d),https://www.linkedin.com/jobs/view/3462453587/,DACH
SystemVan,Desarrollador GCP,https://www.linkedin.com/jobs/view/3555587190/,Latin America
Nodes & Links,Web Developer,https://www.linkedin.com/jobs/view/3555803053/,"London, England, United Kingdom"
phData,Solutions Architect,https://www.linkedin.com/jobs/view/3552263477/,Latin America
Assima,Web Developer - Javascript,https://www.linkedin.com/jobs/view/3559287518/,"Istanbul, Istanbul, Turkey"
Filta.,Web Developer,https://www.linkedin.com/jobs/view/3548492620/,"Manila, National Capital Region, Philippines"
Enexus Global Inc.,Python Developer - Remote,https://www.linkedin.com/jobs/view/3553048876/,"Jersey City, NJ"
V Group Inc.,SQL Developer,https://www.linkedin.com/jobs/view/3556436331/,United States
Heart & Stroke,Software Developer - Email Developer,https://www.linkedin.com/jobs/view/3555918892/,"Toronto, ON"
SYNCADD Systems Inc.,UI Developer,https://www.linkedin.com/jobs/view/3549356381/,"Arlington, VA"
Kingdom One,Web Developer,https://www.linkedin.com/jobs/view/3559907169/,NAMER
SweatWorks,Front End Developer for a 3-month duration project (US-based role),https://www.linkedin.com/jobs/view/3560320097/,"Washington, DC"
InteliX Systems,Full Stack Application Development - UI Developer (100% remote),https://www.linkedin.com/jobs/view/3551762400/,United States
KOPE,Front-end Developer (Vue.js),https://www.linkedin.com/jobs/view/3556936703/,"London, England, United Kingdom"
"Fud, Inc.",Web Development Side Hustler,https://www.linkedin.com/jobs/view/3553128940/,"San Jose, CA"
Software Technology Inc.,: UI Developer,https://www.linkedin.com/jobs/view/3549939207/,United States
RADISH CONSULTANTS,Full Stack Developer,https://www.linkedin.com/jobs/view/3555286765/,United States
Trouva,Junior Full-Stack Software Developer,https://www.linkedin.com/jobs/view/3550218549/,"Lisboa, Lisbon, Portugal"
"IT Engagements, Inc.",Programmer/Developer,https://www.linkedin.com/jobs/view/3555240304/,United States
Geonetric,Senior Web Designer & Developer,https://www.linkedin.com/jobs/view/3551141687/,"Cedar Rapids, IA"
ZETTALOGIX INC,SDET(Test Automation Engineer),https://www.linkedin.com/jobs/view/3550746395/,"Owings Mills, MD"
Laksan Technologies,UI/UX Consultant,https://www.linkedin.com/jobs/view/3556490363/,"Trenton, NJ"
Momento USA LLC,Java Fullstack Developer,https://www.linkedin.com/jobs/view/3557110352/,United States
SoftSages Technology,Senior Java Developer:::::::::::::::::::w2 requirement::::::::::::::::hybrid,https://www.linkedin.com/jobs/view/3552273778/,"Tampa, FL"
Zortech Solutions,Angular JS Developer,https://www.linkedin.com/jobs/view/3550754966/,United States
"Skyline Products, Inc.",Software Engineer,https://www.linkedin.com/jobs/view/3551364889/,"Colorado Springs, CO"
Avenue Code,SAP Developer/Integrator,https://www.linkedin.com/jobs/view/3522320368/,Latin America
RADISH CONSULTANTS,Full Stack Developer,https://www.linkedin.com/jobs/view/3555286765/,United States
SweatWorks,Front End Developer for a 3-month duration project (US-based role),https://www.linkedin.com/jobs/view/3560320097/,"Washington, DC"
"IT Engagements, Inc.",Programmer/Developer,https://www.linkedin.com/jobs/view/3555240304/,United States
Momento USA LLC,Java Fullstack Developer,https://www.linkedin.com/jobs/view/3557110352/,United States
"TechnoGen, Inc.",Full Stack Developer with Forge Rock Location:- 100% remote,https://www.linkedin.com/jobs/view/3556455206/,United States
Precision Medicine Group,Data Engineer,https://www.linkedin.com/jobs/view/3555274160/,"Oregon, United States"
Syren Cloud Inc,Full Stack Developer (C# exp is Must),https://www.linkedin.com/jobs/view/3552293293/,United States
ZETTALOGIX INC,SDET(Test Automation Engineer),https://www.linkedin.com/jobs/view/3550746395/,"Owings Mills, MD"
ScrollTab,Fullstack Java Developer,https://www.linkedin.com/jobs/view/3551019073/,United States
Saransh Inc,Senior Software Engineer,https://www.linkedin.com/jobs/view/3555240411/,United States
Momento USA LLC,sr. Full Stack Developer and react and node,https://www.linkedin.com/jobs/view/3552866656/,United States
KOPE,Lead Software Engineer,https://www.linkedin.com/jobs/view/3558918323/,"London, England, United Kingdom"
Truvity,Remote Backend Engineer (Go),https://www.linkedin.com/jobs/view/3552404264/,"Ottawa, ON"
Sertifi,"Senior Engineer, Software",https://www.linkedin.com/jobs/view/3549677069/,"Chicago, IL"
Peak Power Inc,Senior Python Engineer,https://www.linkedin.com/jobs/view/3557052215/,United States
Atimi Software,Data Engineer,https://www.linkedin.com/jobs/view/3555946737/,"Vancouver, BC"
Extend Information Systems Inc.,Full Stack Developer,https://www.linkedin.com/jobs/view/3552297166/,United States
Filta.,Full Stack Developer (Node.js & Vue.js) – Work from Home – Dayshift,https://www.linkedin.com/jobs/view/3547831852/,"Manila, National Capital Region, Philippines"
VRK IT Vision Inc.,Senior Software Engineer | C++ Developer,https://www.linkedin.com/jobs/view/3550961059/,"New York, NY"
SweatWorks,Back End Developer for a 3-month duration project (US-based role),https://www.linkedin.com/jobs/view/3560316502/,"Washington, DC"
Extend Information Systems Inc.,Full Stack Developer,https://www.linkedin.com/jobs/view/3550764627/,United States
IT Minds LLC,Java/J2ee Developer - Remote,https://www.linkedin.com/jobs/view/3550902687/,United States
Syndigo,Software Engineer - Devops,https://www.linkedin.com/jobs/view/3559812656/,Greater Bengaluru Area
Alexa Translations,Software Quality Engineer,https://www.linkedin.com/jobs/view/3556035011/,Albania
TekIntegral,Java Developer,https://www.linkedin.com/jobs/view/3555238273/,"Dallas, TX"
Zortech Solutions,Angular JS Developer,https://www.linkedin.com/jobs/view/3550754966/,United States
Sayari | Commercial Risk Intelligence,Data Scientist,https://www.linkedin.com/jobs/view/3558915641/,"Washington, DC"
TMS,"Java Backend Developer - Alpharetta, GA (Hybrid) - 12+ Months",https://www.linkedin.com/jobs/view/3552451039/,"Alpharetta, GA"
BlueVoyant,Full Stack Developer,https://www.linkedin.com/jobs/view/3558094440/,"Washington, DC"
Career Shepherd,11582243682 - Web Developer,https://www.linkedin.com/jobs/view/3556938443/,"Manila, National Capital Region, Philippines"
Amtex Systems Inc.,C++ Quantitative Developer with Python || 100% Remote,https://www.linkedin.com/jobs/view/3555226842/,United States
American Recruiting & Consulting Group,Back End Developer,https://www.linkedin.com/jobs/view/3559242026/,"Jacksonville, FL"
Therapy Brands,QA Engineer,https://www.linkedin.com/jobs/view/3552628635/,"Birmingham, AL"
Pulivarthi Group (PG),Senior Python Engineer (Remote),https://www.linkedin.com/jobs/view/3554368519/,United States
Bluethumb,Full Stack Ruby on Rails Engineer for Art Start-Up Bluethumb,https://www.linkedin.com/jobs/view/3556062792/,"Adelaide, South Australia, Australia"
Software Technology Inc.,Backend Engineer || Remote || Only PST time zones,https://www.linkedin.com/jobs/view/3550796074/,United States
Truvity,Remote Backend Engineer (Go),https://www.linkedin.com/jobs/view/3552404268/,"Ljubljana, Ljubljana, Slovenia"
ABOUT YOU,Backend PHP Developer (m/f/d) - onsite or remote within the EU,https://www.linkedin.com/jobs/view/3554072343/,"Hamburg, Hamburg, Germany"
"MediaRadar, Inc.",Senior Software Engineer,https://www.linkedin.com/jobs/view/3558940544/,"New York, United States"
Tidepool,Mobile Engineer (Remote),https://www.linkedin.com/jobs/view/3553055263/,"Palo Alto, CA"
Advanced Knowledge Tech LLC,NodeJS Developer,https://www.linkedin.com/jobs/view/3555233386/,United States
InteliX Systems,AWS Full stack developer (Java) - 100% remote role.,https://www.linkedin.com/jobs/view/3552439537/,United States
Henry Schein One,Sr Software Engineer (Frontend),https://www.linkedin.com/jobs/view/3551267354/,"American Fork, UT"
Digital Janet,Java and Big Data,https://www.linkedin.com/jobs/view/3552432162/,United States
Galaxy Infotech Inc.,Linux Engineer,https://www.linkedin.com/jobs/view/3554364456/,United States
EXUS,Senior Software Engineer( Fully Remote),https://www.linkedin.com/jobs/view/3556628479/,"Beirut, Beirut Governorate, Lebanon"
Wayman Recruitment Group,"Intern, CEO Office",https://www.linkedin.com/jobs/view/3559055257/,"Geneva, Geneva, Switzerland"
Marvel Minds,Business Development Intern,https://www.linkedin.com/jobs/view/3556140468/,"Pune, Maharashtra, India"
Metaorange Digital,Marketing Intern,https://www.linkedin.com/jobs/view/3557166011/,India
Tara Devi Foundation,Human Resources Internship,https://www.linkedin.com/jobs/view/3556471009/,India
Welectric,Flutter Developer - Intern,https://www.linkedin.com/jobs/view/3552127066/,India
MDU SANTISOLUTION PVT LTD,Android Developer Intern,https://www.linkedin.com/jobs/view/3552142130/,India
Dew Solutions Pvt Ltd,Flutter Developer,https://www.linkedin.com/jobs/view/3556160042/,India
Applicantz,Full Stack Developer,https://www.linkedin.com/jobs/view/3559281549/,India
QAD,Senior Java Software Engineer,https://www.linkedin.com/jobs/view/3560096300/,"Mumbai, Maharashtra, India"
Fusion Practices,PL/SQL Developer with Regulatory Reporting,https://www.linkedin.com/jobs/view/3556158287/,India
Recro,Azure Devops Engineer,https://www.linkedin.com/jobs/view/3551687379/,India
Applicantz,Data Operations Engineer,https://www.linkedin.com/jobs/view/3559081256/,India
Dew Solutions Pvt Ltd,Senior Flutter Developer,https://www.linkedin.com/jobs/view/3556155970/,India
Numerator,Sr Python Developer,https://www.linkedin.com/jobs/view/3552144532/,"Pune, Maharashtra, India"
Ercess Live,Internship Influencer Marketing,https://www.linkedin.com/jobs/view/3556144875/,India
Nityo Infotech,DevOps Architect,https://www.linkedin.com/jobs/view/3552136902/,India
Applicantz,Matillion ETL Developer,https://www.linkedin.com/jobs/view/3559877842/,"Hyderabad, Telangana, India"
GEJOBA Consulting,Business Development Manager (m/w/d) DACH,https://www.linkedin.com/jobs/view/3556151541/,DACH
Roro,Ruby on Rails Team Lead,https://www.linkedin.com/jobs/view/3556167464/,India
Artefact,Intern Data Scientist - Sao Paulo - April 2023,https://www.linkedin.com/jobs/view/3560533787/,"São Paulo, São Paulo, Brazil"
EPAM Systems,Senior Technical Delivery Manager - Java/.Net,https://www.linkedin.com/jobs/view/3557104616/,"Gurugram, Haryana, India"
GEJOBA Consulting,Business Development Manager (m/w/d) DACH,https://www.linkedin.com/jobs/view/3556151541/,DACH
Starkkraft technologies & Starkkraft engineering,Werkstudentin/Werkstudent im Vertrieb (m/w/d),https://www.linkedin.com/jobs/view/3560018506/,Germany
Roro,Ruby on Rails Team Lead,https://www.linkedin.com/jobs/view/3556167464/,India
IYOO,Stagiaire en Webdesign,https://www.linkedin.com/jobs/view/3558513997/,France
Trusted Shops,Contract Manager*In (f/m/d) Teilzeit,https://www.linkedin.com/jobs/view/3559264354/,Germany
RGB Learning,Finance Intern,https://www.linkedin.com/jobs/view/3511950184/,"California, United States"
Costo Intralogistics,Sitesupervisor,https://www.linkedin.com/jobs/view/3559983234/,"Gorinchem, South Holland, Netherlands"
Smartpricing,Copywriter (German Language),https://www.linkedin.com/jobs/view/3528876343/,Germany
Costo Intralogistics,Sitesupervisor,https://www.linkedin.com/jobs/view/3559983234/,"Gorinchem, South Holland, Netherlands"
Smartpricing,Copywriter (German Language),https://www.linkedin.com/jobs/view/3528876343/,Germany
ConSense Management Systems GmbH,Studentische:r Mitarbeiter:in Software Consulting (m/w/d),https://www.linkedin.com/jobs/view/3556449098/,Austria
Marvel Minds,Business Development Intern,https://www.linkedin.com/jobs/view/3556140468/,"Pune, Maharashtra, India"
Metaorange Digital,Marketing Intern,https://www.linkedin.com/jobs/view/3557166011/,India
Welectric,Flutter Developer - Intern,https://www.linkedin.com/jobs/view/3552127066/,India
MDU SANTISOLUTION PVT LTD,Android Developer Intern,https://www.linkedin.com/jobs/view/3552142130/,India
Ai DataYard,Marketing Team Lead,https://www.linkedin.com/jobs/view/3552190932/,Pakistan
InvestM Technology LLC,Senior Software Engineer,https://www.linkedin.com/jobs/view/3552667676/,United States
ultraGenius,Senior Software Engineer (Fullstack),https://www.linkedin.com/jobs/view/3557546842/,India
Employment Hero,"Senior Fullstack Software Engineer (NodeJS, Ruby on Rails, React)",https://www.linkedin.com/jobs/view/3455638345/,Indonesia
Daedalus,Pessoa engenheira de visão computacional e Machine Learning,https://www.linkedin.com/jobs/view/3556465409/,Brazil
Employment Hero,Junior Full-Stack Developer (Remote) - Ruby on Rails,https://www.linkedin.com/jobs/view/3557560499/,"Ho Chi Minh City, Ho Chi Minh City, Vietnam"
Employment Hero,Senior Fullstack Engineer (Ruby on Rails),https://www.linkedin.com/jobs/view/3456037622/,Taiwan
LTK (formerly rewardStyle & LIKEtoKNOW.it),"Senior Software Engineer, iOS",https://www.linkedin.com/jobs/view/3425033108/,"Chicago, IL"
Encora Inc.,Desenvolvedor de Software (Vaga Exclusiva para Pessoa com Deficiência),https://www.linkedin.com/jobs/view/3096592624/,"Campinas, São Paulo, Brazil"
LTK (formerly rewardStyle & LIKEtoKNOW.it),"Senior Software Engineer, Backend - Links",https://www.linkedin.com/jobs/view/3393080465/,"Atlanta, GA"
LTK (formerly rewardStyle & LIKEtoKNOW.it),"Senior Software Engineer, Backend - Links",https://www.linkedin.com/jobs/view/3393076672/,"New York, NY"
TeamViewer,"Enterprise Account Executive, Sweden (all genders)",https://www.linkedin.com/jobs/view/3556191295/,"Stockholm, Stockholm County, Sweden"
ARCHE Consulting,Lead Embedded Software Developer,https://www.linkedin.com/jobs/view/3556446947/,Poland
Luxoft,Senior C Embedded Developer,https://www.linkedin.com/jobs/view/3560026039/,"Suceava, Romania"
IT Minds LLC,Java Backend Developer,https://www.linkedin.com/jobs/view/3557898408/,United States
SOCLY.io,Senior Software Engineer-Backend,https://www.linkedin.com/jobs/view/3552976073/,India
MDU SANTISOLUTION PVT LTD,API PHP Developer Intern,https://www.linkedin.com/jobs/view/3561169026/,India
OptimHire,Typescript Developer,https://www.linkedin.com/jobs/view/3552915612/,India
Volley Biz-Tech,Senior Dotnet Developer (Remote WFH),https://www.linkedin.com/jobs/view/3552919724/,India
LawnStarter,Lead Software Engineer Contractor - South America,https://www.linkedin.com/jobs/view/3561554592/,Brazil
JOIN Solutions,Senior Dotnet Developer,https://www.linkedin.com/jobs/view/3552155820/,Egypt
,Java Backend Engineer (Entry Level),https://www.linkedin.com/jobs/view/3557913092/,San Francisco Bay Area
Help at Home,Project Administrator Intern - (Remote),https://www.linkedin.com/jobs/view/3561604317/,"Chicago, IL"
GAMA-1 Technologies,Program Manager,https://www.linkedin.com/jobs/view/3561602635/,"Silver Spring, MD"
Empresa Importante,Desarrollador Java,https://www.linkedin.com/jobs/view/3558734093/,Argentina
Campfire Interactive,Software Developer (PPM),https://www.linkedin.com/jobs/view/3539318743/,"Ann Arbor, MI"
Interact Health PRO,Intern,https://www.linkedin.com/jobs/view/3554957335/,Canada
Encora Inc.,Senior/Lead Dot Net Developer,https://www.linkedin.com/jobs/view/3558216752/,"Pune, Maharashtra, India"
Zemoso Technologies,Sr DevOps Engineer,https://www.linkedin.com/jobs/view/3550701654/,India
Encora Inc.,"Technical Lead/Architect (C, C++)",https://www.linkedin.com/jobs/view/3557571391/,"Pune, Maharashtra, India"
A2 Hosting,Network Engineer - Remote,https://www.linkedin.com/jobs/view/3554228395/,United States
A2 Hosting,Network Engineer - Remote,https://www.linkedin.com/jobs/view/3561692869/,NAMER
OptimHire,Angular Developer,https://www.linkedin.com/jobs/view/3558231044/,India
OptimHire,Typescript Developer,https://www.linkedin.com/jobs/view/3558260025/,India
Delphic,Dot Net Developer - contractual Job,https://www.linkedin.com/jobs/view/3557883449/,India
OptimHire,Typescript Developer,https://www.linkedin.com/jobs/view/3558260025/,India
Delphic,Dot Net Developer - contractual Job,https://www.linkedin.com/jobs/view/3557883449/,India
Techzu,Back End Developer,https://www.linkedin.com/jobs/view/3554242728/,Bangladesh
Qupil,React Native Developer,https://www.linkedin.com/jobs/view/3558242197/,Egypt
WeÖtzi,Programador full stack,https://www.linkedin.com/jobs/view/3558799060/,"Buenos Aires Province, Argentina"
Platute,Full Stack Developer (MERN),https://www.linkedin.com/jobs/view/3552958280/,Nigeria
FemiSpace,Django Developer,https://www.linkedin.com/jobs/view/3561772475/,United States
OpenKnect,Web Content Designer,https://www.linkedin.com/jobs/view/3562767921/,"Hartford, CT"
Yusanet,Développeur Back-End - PHP,https://www.linkedin.com/jobs/view/3558241284/,Mauritius
Campfire Interactive,Software Developer (PPM),https://www.linkedin.com/jobs/view/3539318743/,"Ann Arbor, MI"
Plani-GO,Programador full stack,https://www.linkedin.com/jobs/view/3562573607/,Guatemala
Revelo Africa,Lead Front-end Developer,https://www.linkedin.com/jobs/view/3558221621/,United States
Carrots Lab,UX/UI Intern (Full remote within Spain),https://www.linkedin.com/jobs/view/3558241866/,"Barcelona, Catalonia, Spain"
insightsoftware,Infrastructure Engineer,https://www.linkedin.com/jobs/view/3498247184/,"Hyderabad, Telangana, India"
AssistRx,Software Developer w Angular,https://www.linkedin.com/jobs/view/3562534019/,"Orlando, FL"
Rock Interview,Mobile Application Developer,https://www.linkedin.com/jobs/view/3554906054/,"Bengaluru, Karnataka, India"
insightsoftware,Infrastructure Engineer,https://www.linkedin.com/jobs/view/3498247184/,"Hyderabad, Telangana, India"
insightsoftware,Infrastructure Engineer,https://www.linkedin.com/jobs/view/3498240945/,"Hyderabad, Telangana, India"
Zemoso Technologies,Java Full Stack Engineer,https://www.linkedin.com/jobs/view/3558241376/,India
Spark Technologies Hong Kong,Full Stack Engineer (Flutter APP & PHP Laravel Backend),https://www.linkedin.com/jobs/view/3552921922/,"Coimbatore, Tamil Nadu, India"
Tata Consultancy Services,TCS is Hiring PL SQL Developer Work from Office PAN India,https://www.linkedin.com/jobs/view/3555613352/,India
Tide,Lead Cloud Operations Engineer(SRE/AWS),https://www.linkedin.com/jobs/view/3431110013/,"Delhi, Delhi, India"
OptimHire,Typescript Developer,https://www.linkedin.com/jobs/view/3558260025/,India
Delphic,Dotnet Developer - Contract,https://www.linkedin.com/jobs/view/3558237988/,India
Delphic,Dot Net Developer - contractual Job,https://www.linkedin.com/jobs/view/3557883449/,India
IQMatrix Infoways Solutions Pvt Ltd,.NET Developer,https://www.linkedin.com/jobs/view/3554275723/,"Kerala, India"
Qupil,React Native Developer,https://www.linkedin.com/jobs/view/3558242197/,Egypt
IQMatrix Infoways Solutions Pvt Ltd,.NET Developer,https://www.linkedin.com/jobs/view/3554275723/,"Kerala, India"
Qupil,React Native Developer,https://www.linkedin.com/jobs/view/3558242197/,Egypt
Spardha Learnings Private Limited,Human Resources Intern,https://www.linkedin.com/jobs/view/3559187966/,India
Campfire Interactive,Software Developer (PPM),https://www.linkedin.com/jobs/view/3539318743/,"Ann Arbor, MI"
Empresa Confidencial,Java Developer,https://www.linkedin.com/jobs/view/3555611231/,"México, Mexico"
Itconsulting,Sviluppatore back-end,https://www.linkedin.com/jobs/view/3559125381/,Italy
ImpacT Hire,Java Software Engineer,https://www.linkedin.com/jobs/view/3559125290/,Bulgaria
Confidential,Développeurs JEE Spring Boot ou .NET CORE et chef de projet JEE ou .NET et Architecte Cloud et Scrum master Minimum 5ans d'Expériences A Distance (Remote),https://www.linkedin.com/jobs/view/3563526442/,"Casablanca-Settat, Morocco"
PMN Patralok,Human Resources Intern,https://www.linkedin.com/jobs/view/3556729045/,India
Unitalks Technologies,Javascript Developer,https://www.linkedin.com/jobs/view/3559620206/,"Noida, Uttar Pradesh, India"
Replicon,Python Full Stack Technical Architect,https://www.linkedin.com/jobs/view/3556729047/,India
Unitalks Technologies,Nodejs Developer,https://www.linkedin.com/jobs/view/3559630517/,India
Heptarc Technology Solutions Private Limited,Sr. Java Developer,https://www.linkedin.com/jobs/view/3559366757/,India
Programmers.io,Dotnet full stack Developer,https://www.linkedin.com/jobs/view/3556745314/,"Gujarat, India"
Programmers.io,Dotnet full stack Developer,https://www.linkedin.com/jobs/view/3556741783/,"Jaipur, Rajasthan, India"
FUTURISTIC Jobs,Wordpress Developer,https://www.linkedin.com/jobs/view/3556739641/,India
PAteam,Full Stack Developer,https://www.linkedin.com/jobs/view/3550262456/,India
Dimiour,Presales Solutions Architect,https://www.linkedin.com/jobs/view/3556721016/,India
Sinch,Tech Leader / Backend Specialist,https://www.linkedin.com/jobs/view/3467908397/,"Campinas, São Paulo, Brazil"
DigiCollect,Back End Developer,https://www.linkedin.com/jobs/view/3556715890/,"Bengaluru, Karnataka, India"
AppExert,Full Stack Engineer,https://www.linkedin.com/jobs/view/3556764894/,India
Replicon,Python Full Stack Technical Architect,https://www.linkedin.com/jobs/view/3556729047/,India
Tide,Cloud Developer Experience Engineer(AWS),https://www.linkedin.com/jobs/view/3556763704/,"Bengaluru, Karnataka, India"
Heptarc Technology Solutions Private Limited,Sr. Java Developer,https://www.linkedin.com/jobs/view/3559366757/,India
Tide,Cloud Developer Experience Engineer(AWS),https://www.linkedin.com/jobs/view/3556768208/,"Hyderabad, Telangana, India"
Noralogic Inc,22687 Clarity PPM Technical Support Specialist || Remote--Florida based candidates only,https://www.linkedin.com/jobs/view/3559655038/,"Orlando, FL"
Tide,Cloud Developer Experience Engineer(AWS),https://www.linkedin.com/jobs/view/3556766449/,"Delhi, Delhi, India"
Programmers.io,Dotnet full stack Developer,https://www.linkedin.com/jobs/view/3556745314/,"Gujarat, India"
Programmers.io,Dotnet full stack Developer,https://www.linkedin.com/jobs/view/3556741783/,"Jaipur, Rajasthan, India"
FUTURISTIC Jobs,Wordpress Developer,https://www.linkedin.com/jobs/view/3556739641/,India
PAteam,Full Stack Developer,https://www.linkedin.com/jobs/view/3550262456/,India
Dimiour,Presales Solutions Architect,https://www.linkedin.com/jobs/view/3556721016/,India
Khudi AI,Full-time Backend Developer (Expert in Node.js),https://www.linkedin.com/jobs/view/3559666940/,Pakistan
Virtual Labs Inc.,Golang Developer,https://www.linkedin.com/jobs/view/3556791105/,"Sunnyvale, CA"
Laksan Technologies,JPC - 267 Software Tester/QA Analyst,https://www.linkedin.com/jobs/view/3559644845/,"Richmond, VA"
IV IT SOLUTIONS LLC.,JPC - 1238 Embedded Software Engineer,https://www.linkedin.com/jobs/view/3559667407/,"Colorado Springs, CO"
Software Technology Inc.,STI25512 AWS Python Developer,https://www.linkedin.com/jobs/view/3559643220/,United States
Saransh Inc,JPC - 478 Angular and NodeJs developer,https://www.linkedin.com/jobs/view/3559670334/,"Bloomfield, CT"
Pacer Staffing LLC,JPC - 122611 Developer III,https://www.linkedin.com/jobs/view/3559677320/,"Chattanooga, TN"
SoftSages Technology,JPC - 76917 Big Data Engineer>>W2 tax term only,https://www.linkedin.com/jobs/view/3559647979/,"Dallas, TX"
Software Technology Inc.,STI25519 Firmware Engineer,https://www.linkedin.com/jobs/view/3559655895/,United States
Intellectt Inc,INT16491 ITAR Security Engineer - Endpoint Security,https://www.linkedin.com/jobs/view/3559635787/,"Illinois City, IL"
Amwell,Associate Data Analyst,https://www.linkedin.com/jobs/view/3559665350/,"Boston, MA"
MARSHALL TECHNOLOGIES INC,JPC - 77 Mainframe and AWS Tester,https://www.linkedin.com/jobs/view/3559661498/,United States
Stellar Professionals,ISP4235 Remote Sr. .NET Developer (14 years) + UMTD/ PERM/ FRC preferred,https://www.linkedin.com/jobs/view/3559628569/,"Columbus, OH"
Pacific Technical Resources,REMOTE - Aerospace Embedded Controls Engineer with DOD-178B Safety,https://www.linkedin.com/jobs/view/3564433589/,"Minneapolis, MN"
Regan Network HR Solutions,Dotnet Developer,https://www.linkedin.com/jobs/view/3504115883/,India
Redient Security,Django Developer,https://www.linkedin.com/jobs/view/3556799467/,"Bangalore Urban, Karnataka, India"
Noralogic Inc,22690 Cassandra Database Administrator,https://www.linkedin.com/jobs/view/3559690958/,"Austin, TX"
eJAmerica,Automation Engineer,https://www.linkedin.com/jobs/view/3564522556/,India
Tibura Solutions,EPBCS/FCCS Consultant,https://www.linkedin.com/jobs/view/3556719473/,India
Techolution,Sr Test Automation Engineer / Sr QA Engineer - Android Applications- Remote Work,https://www.linkedin.com/jobs/view/3556709667/,India
PetaBytz Technologies Inc,Solutions Architect,https://www.linkedin.com/jobs/view/3559358727/,India
PSRTEK,PSR-824 ETL Lead/Architect- REMOTE,https://www.linkedin.com/jobs/view/3560408830/,"New York, NY"
VSG Business Solutions,JPC - 2628 Infrastructure Solution Architect,https://www.linkedin.com/jobs/view/3559642926/,"Lansing, MI"
"NE Shore Technologies, Inc",Urgent - 1–2-year experienced ASP.NET C# Javascript/Jquery Developer,https://www.linkedin.com/jobs/view/3327632285/,"Mumbai, Maharashtra, India"
VSG Business Solutions,JPC - 2628 Infrastructure Solution Architect,https://www.linkedin.com/jobs/view/3559642926/,"Lansing, MI"
"NE Shore Technologies, Inc",Urgent - 1–2-year experienced ASP.NET C# Javascript/Jquery Developer,https://www.linkedin.com/jobs/view/3327632285/,"Mumbai, Maharashtra, India"
EPSoft,EPS - 95 Salesforce CPQ Architect with Conga/ Apttus,https://www.linkedin.com/jobs/view/3559650884/,"Texas, United States"
Maven Workforce Inc.,AEM Developer,https://www.linkedin.com/jobs/view/3559341813/,India
Programmers.io,Dotnet full stack Developer,https://www.linkedin.com/jobs/view/3517666551/,"Gujarat, India"
Starkflow,Software Engineer,https://www.linkedin.com/jobs/view/3564534447/,India
EPSoft,EPS - 95 Salesforce CPQ Architect with Conga/ Apttus,https://www.linkedin.com/jobs/view/3559650884/,"Texas, United States"
Dimiour,Presales Solutions Architect,https://www.linkedin.com/jobs/view/3556721016/,India
SGS Consulting,Microsoft AZURE Cloud Developer,https://www.linkedin.com/jobs/view/3559343373/,India
PAteam,Full Stack Developer,https://www.linkedin.com/jobs/view/3550262456/,India
Stratus,Guidewire PC Intg & Confg Developer- Immediate Joiner,https://www.linkedin.com/jobs/view/3556733504/,"Hyderabad, Telangana, India"
Delphic,Dotnet Developer ( experience in recharge utility software ),https://www.linkedin.com/jobs/view/3563774075/,India
SAUTER,Desenvolvedor Java SR,https://www.linkedin.com/jobs/view/3555447906/,"São Paulo, São Paulo, Brazil"
Han Digital Solution,As400 Developer,https://www.linkedin.com/jobs/view/3556747537/,"Bengaluru, Karnataka, India"
FUTURISTIC Jobs,Wordpress Developer,https://www.linkedin.com/jobs/view/3556739641/,India
TekIT Software Solutions LLC,Drupal Developer,https://www.linkedin.com/jobs/view/3559375840/,India
Varshney Infotech Pvt Ltd - VIPL,Sharepoint Developer,https://www.linkedin.com/jobs/view/3556723436/,India
Applicantz,Software Engineer AWS ReactJS,https://www.linkedin.com/jobs/view/3563919151/,India
Stone,[Micro] Pessoa Desenvolvedora Back End Javascript | Sênior,https://www.linkedin.com/jobs/view/3560432639/,Brazil
Stellent IT,: JAVA Developer,https://www.linkedin.com/jobs/view/3561205270/,"Delaware City, DE"
Amtex Systems Inc.,PL/SQL Developer,https://www.linkedin.com/jobs/view/3560888687/,India
GAMA-1 Technologies,Solution Train Engineer,https://www.linkedin.com/jobs/view/3564787476/,"Silver Spring, MD"
GAMA-1 Technologies,Release Train Engineer,https://www.linkedin.com/jobs/view/3564787481/,"Silver Spring, MD"
RADISH CONSULTANTS,JPC - 402 IT-Lead Software Engineer,https://www.linkedin.com/jobs/view/3560402713/,"Eden Prairie, MN"
GAMA-1 Technologies,Program Manager,https://www.linkedin.com/jobs/view/3564783706/,"Silver Spring, MD"
Talentgigs,React - Java - Python - Full stack Developer - Immediate joiners.,https://www.linkedin.com/jobs/view/3564734757/,"Pune, Maharashtra, India"
Qred Brasil,Desenvolvedor Back End,https://www.linkedin.com/jobs/view/3561223444/,Brazil
Maven Workforce Inc.,AEM Developer,https://www.linkedin.com/jobs/view/3558119945/,India
NEOGOV,Sr. JAVA Full Stack Engineer,https://www.linkedin.com/jobs/view/3557383639/,India
OptimHire,Java Software Engineer,https://www.linkedin.com/jobs/view/3561226283/,India
Domino's,Customer Service Rep(08798) - 5375 Antoine,https://www.linkedin.com/jobs/view/3560481510/,"Houston, TX"
GM FOTOGRAFIA S.A,Desenvolvedor Java,https://www.linkedin.com/jobs/view/3483752615/,"Brasília, Federal District, Brazil"
Tata Consultancy Services,Reltio Developer,https://www.linkedin.com/jobs/view/3558138108/,"Bengaluru, Karnataka, India"
TQI,Engenheira (o) Back-End Java,https://www.linkedin.com/jobs/view/3561245448/,Brazil
SONDA,Desenvolvedor Java SR - Fullstack,https://www.linkedin.com/jobs/view/3561212738/,Brazil
Builders,Solutions Architect - Kafka Specialist,https://www.linkedin.com/jobs/view/3560890040/,"São Paulo, Brazil"
IEL Bahia,Bolsista de Inovação - Desenvolvimento de Software,https://www.linkedin.com/jobs/view/3532222416/,Brazil
Provider IT,Java Fullstack Sr.,https://www.linkedin.com/jobs/view/3561237699/,Brazil
Joinus - Consultoria em Gestão de Pessoas,Desenvolvedor Mobile Pleno (Android e Java),https://www.linkedin.com/jobs/view/3560892192/,Brazil
Meta,Desenvolvedor Java Sênior,https://www.linkedin.com/jobs/view/3560404034/,Greater São Paulo Area
Iterative;,Desenvolvedor Java Backend Pleno e Sênior- Full Remoto,https://www.linkedin.com/jobs/view/3559697191/,Brazil
Meta,Desenvolvedor FullStack Java Flutter Sênior,https://www.linkedin.com/jobs/view/3560884842/,Brazil
Applicantz,Java Software Engineer,https://www.linkedin.com/jobs/view/3564733581/,Singapore
May Business Consulting,Desarrollador Java,https://www.linkedin.com/jobs/view/3564791758/,Spain
Azapi Solutions,Consultor Front-End,https://www.linkedin.com/jobs/view/3561220056/,"Lisbon, Portugal"
LifeQuotes.com,"Systems Architect/Developer to $150,000",https://www.linkedin.com/jobs/view/3555105831/,United States
Tree IT Recruiting Services,Programador Java full stack,https://www.linkedin.com/jobs/view/3561201855/,Argentina
Reconocida empresa,Desarrollador Nube Azure,https://www.linkedin.com/jobs/view/3565874883/,Colombia
Bosch,Java Developer (KMS) (f/m/div.),https://www.linkedin.com/jobs/view/3558140019/,"Bochum, North Rhine-Westphalia, Germany"
Indra,Tester de Aplicaciones Java (Teletrabajo 100%),https://www.linkedin.com/jobs/view/3557398544/,Greater Madrid Metropolitan Area
NarraSoft,Freelance 3D Rigger,https://www.linkedin.com/jobs/view/3560865334/,Philippines
NewPerspective,Solution Architect,https://www.linkedin.com/jobs/view/3560877949/,Poland
MDP CONSULTING S.A.C,Líder Técnico Java - Remoto,https://www.linkedin.com/jobs/view/3565944052/,"Lima, Peru"
Concesión RUNT S.A.,Líder Técnico,https://www.linkedin.com/jobs/view/3564610621/,Colombia
INVAP,Líder Técnico C++/JAVA,https://www.linkedin.com/jobs/view/3565935411/,Argentina
SII Group Chile,"Desarrollador Java, Angular, Spring Boot",https://www.linkedin.com/jobs/view/3565912763/,"Santiago, Santiago Metropolitan Region, Chile"
Luxoft,Java with Microservices & Cloud Developer,https://www.linkedin.com/jobs/view/3549853982/,Romania
Empresa Confidencial,Desarrollador de back-end (Java - SpringBoot- Notejs),https://www.linkedin.com/jobs/view/3565886025/,Guatemala
JAGGAER,Solution Architect,https://www.linkedin.com/jobs/view/3564793119/,Italy
Experis España,"P, AP Java. Trabajo en Remoto (H/M/X)",https://www.linkedin.com/jobs/view/3550701042/,Spain
Qbitsoft,Java Developer,https://www.linkedin.com/jobs/view/3565195463/,Greater Pisa Metropolitan Area
Exceltic,Desarrollador Java - Microservicios (100% remoto),https://www.linkedin.com/jobs/view/3432946718/,Spain
PeopleVibe,Angular Developer,https://www.linkedin.com/jobs/view/3560823375/,Poland
Layer7.mx,Propietario de producto,https://www.linkedin.com/jobs/view/3558846584/,Mexico
Stepwise,Mid KOTLIN Developer,https://www.linkedin.com/jobs/view/3482230374/,Warsaw Metropolitan Area
eye-level consulting,Junior-Softwareentwickler*in,https://www.linkedin.com/jobs/view/3565311726/,"North Rhine-Westphalia, Germany"
eye-level consulting,Junior-Softwareentwickler*in,https://www.linkedin.com/jobs/view/3565311726/,"North Rhine-Westphalia, Germany"
TigerTeam Capital Humano,DevOps Architect,https://www.linkedin.com/jobs/view/3564690949/,Mexico
Treelogic,Analista / Analista Programador / Responsable de Desarrollo Fullstack,https://www.linkedin.com/jobs/view/3558111095/,Spain
atSistemas,Analista Programador Java Microservicios/Hexagonal (100 % Remoto),https://www.linkedin.com/jobs/view/3407195111/,Greater Tarragona Area
Start People,Programador full stack,https://www.linkedin.com/jobs/view/3558108602/,"Girona, Catalonia, Spain"
atSistemas,Analista Programador Java Microservicios/Hexagonal (100 % Remoto),https://www.linkedin.com/jobs/view/3407191889/,Greater Bilbao Metropolitan Area
Boxyware,Technical Manager | Java | Backend,https://www.linkedin.com/jobs/view/3560838838/,Spain
Based on Data,Desarrollador de back-end,https://www.linkedin.com/jobs/view/3560883107/,"Madrid, Community of Madrid, Spain"
LHH,Research And Development Manager,https://www.linkedin.com/jobs/view/3558812192/,"Texas, United States"
"Luke & Associates, Inc.",Recruiter - Healthcare - 230282,https://www.linkedin.com/jobs/view/3564690350/,"Rockledge, FL"
Dentsu Creative,"Staff Director, Experiential Marketing Events",https://www.linkedin.com/jobs/view/3566080389/,"Chicago, IL"
Help at Home,Registered Nurse - Care Coordinator (Remote),https://www.linkedin.com/jobs/view/3564783643/,"Chicago, IL"
Strivernet RPO Services,Collections Representative,https://www.linkedin.com/jobs/view/3560899967/,United States
Dwight School,Online Mandarin Teacher,https://www.linkedin.com/jobs/view/3565933366/,NAMER
AccessLex Institute,Research Intern- Education Remote,https://www.linkedin.com/jobs/view/3561968251/,"West Chester, PA"
TopHire.co,Sales Development Representative,https://www.linkedin.com/jobs/view/3560472504/,"Mumbai, Maharashtra, India"
Punama Innovation,Human Resources Intern,https://www.linkedin.com/jobs/view/3558123363/,India
TopHire.co,Sales Development Representative,https://www.linkedin.com/jobs/view/3560472504/,"Mumbai, Maharashtra, India"
Punama Innovation,Human Resources Intern,https://www.linkedin.com/jobs/view/3558123363/,India
Arrowcx IT Service and Consulting Private Limited,UI Developer - CAP and SAP BTP-Extension Suite,https://www.linkedin.com/jobs/view/3558874570/,India
Expense Reduction Analysts DACH,Versicherungsexpert:in als selbständige Unternehmensberater,https://www.linkedin.com/jobs/view/3565830635/,DACH
Castled,Business Development Executive,https://www.linkedin.com/jobs/view/3560854279/,India
Affilino,Search Engine Optimization Specialist,https://www.linkedin.com/jobs/view/3558155055/,"New Delhi, Delhi, India"
The Functionary,Python Developer,https://www.linkedin.com/jobs/view/3565826543/,Latin America
Elements Business Development,Telemarketing Representative,https://www.linkedin.com/jobs/view/3560457639/,Egypt
LOGIQ.AI,Business Development Representative - India Enterprise,https://www.linkedin.com/jobs/view/3520842032/,India
Applicantz,Node.Js Developer,https://www.linkedin.com/jobs/view/3565363927/,India
QuantumWork Advisory,Technology Consultant (Traditional Workforce Practice),https://www.linkedin.com/jobs/view/3558154380/,EMEA
Next One Staffing,"VP, Small Business Lending - Commercial Lending",https://www.linkedin.com/jobs/view/3558833689/,"Los Angeles County, CA"
Expense Reduction Analysts DACH,"Selbständiger Unternehmensberater im Bereich Energie, Energieeinkauf und energetische Optimierung",https://www.linkedin.com/jobs/view/3565831493/,DACH
Create Your Reality,Health And Wellness Coach,https://www.linkedin.com/jobs/view/3557387345/,"Brisbane, Queensland, Australia"
Expense Reduction Analysts DACH,"Selbständiger Unternehmensberater im Bereich Energie, Energieeinkauf und energetische Optimierung",https://www.linkedin.com/jobs/view/3565831493/,DACH
Tata Consultancy Services,TCS is Hiring Node JS Full Stack Developer Work from Office Noida and Chennai,https://www.linkedin.com/jobs/view/3564733848/,India
Helen Stewart,Business Manager,https://www.linkedin.com/jobs/view/3557309444/,"Vermont, United States"
Branch International,"Android Software Engineer, India - Remote",https://www.linkedin.com/jobs/view/3101455426/,India
TechTammina LLC,Java Developer with Microservices,https://www.linkedin.com/jobs/view/3561958594/,"Chantilly, VA"
Smart Consulting - Creating Future Leaders,MSCRM Developer,https://www.linkedin.com/jobs/view/3564776555/,India
Stellent IT,: JAVA Developer,https://www.linkedin.com/jobs/view/3561205270/,"Delaware City, DE"
insightsoftware,Salesforce Engineer,https://www.linkedin.com/jobs/view/3565829075/,"Hyderabad, Telangana, India"
Ampstek,JPC - 2466 Java Developer,https://www.linkedin.com/jobs/view/3560813351/,"Budapest, Budapest, Hungary"
Talentgigs,React - Java - Python - Full stack Developer - Immediate joiners.,https://www.linkedin.com/jobs/view/3564734757/,"Pune, Maharashtra, India"
SONDA,Desenvolvedor Java SR - Fullstack,https://www.linkedin.com/jobs/view/3561212738/,Brazil
PPT - Pessoas Processos e Tecnologia,Desenvolvedor Java Pleno,https://www.linkedin.com/jobs/view/3561965898/,"Goiânia, Goiás, Brazil"
Capgemini,Desenvolvedor Java Websphere Sr,https://www.linkedin.com/jobs/view/3560884162/,"São Paulo, São Paulo, Brazil"
Serasa Experian,Especialista de Arquitetura de TI I (Vaga afirmativa para mulheres),https://www.linkedin.com/jobs/view/3566216246/,"São Paulo, São Paulo, Brazil"
Provider IT,Java Fullstack Sr.,https://www.linkedin.com/jobs/view/3561237699/,Brazil
Peak Partners,Java Software Engineer,https://www.linkedin.com/jobs/view/3566289291/,United States
Applicantz,Java Software Engineer,https://www.linkedin.com/jobs/view/3562427929/,Singapore
Plus-it Consulting,Desenvolvedor Kotlin/Java PL,https://www.linkedin.com/jobs/view/3561235246/,Brazil
Per Scholas,Java Developer Instructor,https://www.linkedin.com/jobs/view/3566079094/,United States
Maania Consultancy Services,SQL Developer - Remote,https://www.linkedin.com/jobs/view/3567393239/,"Shelton, CT"
AddSource,Fullstack .Net Developer,https://www.linkedin.com/jobs/view/3563215838/,"Irving, TX"
WinMax,Software Engineer II,https://www.linkedin.com/jobs/view/3562670913/,United States
Plain Concepts,Full Stack Developer,https://www.linkedin.com/jobs/view/3567238491/,"Mexico City, Mexico"
RADISH CONSULTANTS,IT-Lead Software Engineer,https://www.linkedin.com/jobs/view/3562661177/,"Herndon, VA"
Dentsu Creative,"Account Executive, Client Leadership",https://www.linkedin.com/jobs/view/3563402639/,"New York, NY"
UWorld,Business Development Representative - CPA Products - Midwest,https://www.linkedin.com/jobs/view/3567497168/,"Detroit, MI"
CIEL HR,Executive Assistant,https://www.linkedin.com/jobs/view/3562473736/,Pune/Pimpri-Chinchwad Area
Consultport,International Growth Strategy Intern,https://www.linkedin.com/jobs/view/3567405869/,"Ahmedabad, Gujarat, India"
Business Web Solutions,Web Development Intern,https://www.linkedin.com/jobs/view/3563870233/,"Bengaluru, Karnataka, India"
Plain Concepts,Full Stack Developer,https://www.linkedin.com/jobs/view/3567238491/,"Mexico City, Mexico"
RADISH CONSULTANTS,IT-Lead Software Engineer,https://www.linkedin.com/jobs/view/3562661177/,"Herndon, VA"
Innovalus Technologies,Product Owner,https://www.linkedin.com/jobs/view/3562643030/,"Hoofddorp, North Holland, Netherlands"
TechMantra Global,Javascript Developer,https://www.linkedin.com/jobs/view/3563852290/,India
Global Network Technologies,Java Backend Developer,https://www.linkedin.com/jobs/view/3562673349/,United States
