IT Minds LLC,Front End Developer,https://www.linkedin.com/jobs/view/3442671139/,India
IT Minds LLC,Python Developer,https://www.linkedin.com/jobs/view/3489038426/,India
eStaffing Inc.,Front End Developer _Backend/Frontend (Remote)_India,https://www.linkedin.com/jobs/view/3502034731/,India
edusquare,Full Stack Engineer,https://www.linkedin.com/jobs/view/3556430691/,"Surat, Gujarat, India"
Cloud Counselage Pvt. Ltd.,JUNIOR FULL STACK WEB DEVELOPER,https://www.linkedin.com/jobs/view/3459085693/,India
eStaffing Inc.,Software Engineer (Entry Level)_Remote,https://www.linkedin.com/jobs/view/3531202627/,India
ReferralGuru,Software Engineer,https://www.linkedin.com/jobs/view/3556449762/,India
Eightfold,Backend Software Engineer,https://www.linkedin.com/jobs/view/3559872065/,India
Provoke Developers,WhatsApp Chatbot Developer,https://www.linkedin.com/jobs/view/3511205803/,India
A2 Creations,WooCommerce WordPress Intern,https://www.linkedin.com/jobs/view/3547803213/,India
Accubits Technologies Inc,Wordpress Developer Intern,https://www.linkedin.com/jobs/view/3551134545/,"Trivandrum, Kerala, India"
Adeepat Enterprises,Wordpress Developer intern,https://www.linkedin.com/jobs/view/3551826387/,"Kozhikode, Kerala, India"
ReferralGuru,Software Engineer,https://www.linkedin.com/jobs/view/3556449762/,India
Eightfold,Backend Software Engineer,https://www.linkedin.com/jobs/view/3559872065/,India
Provoke Developers,WhatsApp Chatbot Developer,https://www.linkedin.com/jobs/view/3511205803/,India
A2 Creations,WooCommerce WordPress Intern,https://www.linkedin.com/jobs/view/3547803213/,India
Accubits Technologies Inc,Wordpress Developer Intern,https://www.linkedin.com/jobs/view/3551134545/,"Trivandrum, Kerala, India"
Adeepat Enterprises,Wordpress Developer intern,https://www.linkedin.com/jobs/view/3551826387/,"Kozhikode, Kerala, India"
hushh.ai,Strategic Planning Intern,https://www.linkedin.com/jobs/view/3509238112/,India
eStaffing Inc.,HR Internship- Remote- Freshers,https://www.linkedin.com/jobs/view/3507350285/,India
MARSE Digital,Human Resources Intern,https://www.linkedin.com/jobs/view/3551148062/,"Noida, Uttar Pradesh, India"
Inbox Pirates,Sales And Marketing Intern,https://www.linkedin.com/jobs/view/3541559222/,"Madurai, Tamil Nadu, India"
Accubits Technologies Inc,Wordpress Developer Intern,https://www.linkedin.com/jobs/view/3551134545/,"Trivandrum, Kerala, India"
SportsTribe,Campus Ambassador,https://www.linkedin.com/jobs/view/3534542376/,India
RADISH CONSULTANTS,US IT INTERN,https://www.linkedin.com/jobs/view/3555464435/,India
Zylicon HackDev Technologies,React Intern,https://www.linkedin.com/jobs/view/3543312056/,India
IT Minds LLC,Front End Developer,https://www.linkedin.com/jobs/view/3442671139/,India
eStaffing Inc.,Front End Developer _Backend/Frontend (Remote)_India,https://www.linkedin.com/jobs/view/3502034731/,India
IT Minds LLC,Embedded C++ Developer,https://www.linkedin.com/jobs/view/3554732184/,India
Skybox Security,Python Solution Developer,https://www.linkedin.com/jobs/view/3552098601/,"Bengaluru, Karnataka, India"
