Infosys,Java + Golang Developer,https://www.linkedin.com/jobs/view/3560663425/,India
OSF Digital,Solution Architect - Salesforce Commerce Cloud,https://www.linkedin.com/jobs/view/3560956772/,India
eJAmerica,React Developer,https://www.linkedin.com/jobs/view/3561523654/,India
AQUASoft,IBM ACE (App Connect Enterprise) Developer,https://www.linkedin.com/jobs/view/3557557709/,Greater Bengaluru Area
Tata Consultancy Services,Sr. Java Fullstack,https://www.linkedin.com/jobs/view/3552950879/,"Chennai, Tamil Nadu, India"
eJAmerica,Data Engineer,https://www.linkedin.com/jobs/view/3561518467/,India
Vsecure Technologies LLC,Java Developer,https://www.linkedin.com/jobs/view/3557965166/,India
eJAmerica,Java Developer,https://www.linkedin.com/jobs/view/3561529814/,India
Ultra,Senior Java Software Engineer,https://www.linkedin.com/jobs/view/3557951652/,India
Micro Technologies (India),Software Consultant,https://www.linkedin.com/jobs/view/3557919596/,India
Stealth Startup,Software Engineer - Backend,https://www.linkedin.com/jobs/view/3552665962/,India
GO-IT,Frontend Developer NextJS,https://www.linkedin.com/jobs/view/3557968336/,India
eJAmerica,Database Engineer,https://www.linkedin.com/jobs/view/3561517481/,India
Programmers.io,Java Full Stack Developer,https://www.linkedin.com/jobs/view/3552925806/,"Pune, Maharashtra, India"
Programmers.io,Java Full stack Developer,https://www.linkedin.com/jobs/view/3552928950/,"Jaipur, Rajasthan, India"
Luxoft Malaysia,"Senior Java Developer (5 years experience), Pune",https://www.linkedin.com/jobs/view/3560775589/,India
Imetris Corporation,Sailpoint Developer,https://www.linkedin.com/jobs/view/3561518488/,India
innRoad,Senior Front-end Software Engineer,https://www.linkedin.com/jobs/view/3561391519/,India
Vsecure Technologies LLC,Python Developer,https://www.linkedin.com/jobs/view/3557961409/,"Indore, Madhya Pradesh, India"
Programmers.io,Java Developer,https://www.linkedin.com/jobs/view/3552921789/,"Pune, Maharashtra, India"
BoomersHub,Frontend Developer,https://www.linkedin.com/jobs/view/3561604134/,Greater Hyderabad Area
innRoad,Senior Software Engineer,https://www.linkedin.com/jobs/view/3561506439/,India
Everi Holdings Inc.,Java Developer,https://www.linkedin.com/jobs/view/3560721319/,India
eJAmerica,Automation Developer,https://www.linkedin.com/jobs/view/3561550220/,India
HireEasi,Go Lang Developer,https://www.linkedin.com/jobs/view/3531291015/,"Ahmedabad, Gujarat, India"
IntoriumSoft,Full Stack Engineer,https://www.linkedin.com/jobs/view/3552997625/,"Andhra Pradesh, India"
Infosys,Java + Golang Developer,https://www.linkedin.com/jobs/view/3560663425/,India
Avestan Technologies LLC,. Net Core Developer,https://www.linkedin.com/jobs/view/3552952690/,India
Encora Inc.,"Technical Lead/Architect (C, C++)",https://www.linkedin.com/jobs/view/3557571391/,"Pune, Maharashtra, India"
Bohiyaanam Talent Solutions,Software Engineer - Forward and Data Plane,https://www.linkedin.com/jobs/view/3557579012/,India
Programmers.io,Java Full Stack Developer,https://www.linkedin.com/jobs/view/3552925806/,"Pune, Maharashtra, India"
nOps.io,Sr. Backend Software Engineer,https://www.linkedin.com/jobs/view/3557897088/,India
SCREATIVES SOFTWARE SERVICES PVT. LTD,Full Stack developer,https://www.linkedin.com/jobs/view/3552925980/,India
Mobile Programming LLC,Full Stack Engineer,https://www.linkedin.com/jobs/view/3557959222/,India
Staff Easy,Data Engineer,https://www.linkedin.com/jobs/view/3554200145/,India
Birdeye,Senior Java Developer,https://www.linkedin.com/jobs/view/3418560067/,"Gurugram, Haryana, India"
dentsu,CDP Engineers,https://www.linkedin.com/jobs/view/3560796731/,"Thane, Maharashtra, India"
WizardTales,Senior Software Developer,https://www.linkedin.com/jobs/view/3552914780/,India
IATOCS LLC,Full Stack Engineer,https://www.linkedin.com/jobs/view/3557834250/,"Maharashtra, India"
MEGA The Privacy Company,iOS Tech Lead,https://www.linkedin.com/jobs/view/3552922536/,India
Nityo Infotech,Software Engineer,https://www.linkedin.com/jobs/view/3552143579/,India
Micro Technologies (India),Software Consultant,https://www.linkedin.com/jobs/view/3557919596/,India
Programmers.io,Java Full Stack Developer,https://www.linkedin.com/jobs/view/3552926560/,India
MEGA The Privacy Company,iOS Team Lead,https://www.linkedin.com/jobs/view/3552910690/,India
Infosys,Golang Developer,https://www.linkedin.com/jobs/view/3560671146/,India
Digital Amigos,Full Stack Developer,https://www.linkedin.com/jobs/view/3557565682/,India
Luxoft,Senior Java Developer,https://www.linkedin.com/jobs/view/3560679830/,India
Brain Quest,Youtube Integration Developer,https://www.linkedin.com/jobs/view/3557559941/,India
Programmers.io,Java Full Stack Developer,https://www.linkedin.com/jobs/view/3552928576/,"Gurugram, Haryana, India"
HRemedies,Laravel Developer,https://www.linkedin.com/jobs/view/3557585989/,"Pune, Maharashtra, India"
AppZoro Technologies Inc.,node.js Developer,https://www.linkedin.com/jobs/view/3557876250/,"Jaipur, Rajasthan, India"
BeatRoute,Integration Lead,https://www.linkedin.com/jobs/view/3557544724/,India
Mount Talent Consulting Pvt Ltd.,Lead Data Engineer,https://www.linkedin.com/jobs/view/3552916164/,India
Hyqoo,Data Engineer,https://www.linkedin.com/jobs/view/3552920787/,India
S2 Integrators,Sr. Software Engineer – JAVA,https://www.linkedin.com/jobs/view/3552950262/,India
Divinepink,Shopify Web Developer,https://www.linkedin.com/jobs/view/3557549013/,India
Praangan,Lead - Frontend Developer,https://www.linkedin.com/jobs/view/3540124913/,India
"WizNucleus, Inc.",Full Stack Engineer,https://www.linkedin.com/jobs/view/3552982506/,India
NOIR & BLANCO | Shopify Plus Agency,Shopify Developer,https://www.linkedin.com/jobs/view/3551817683/,India
SeyfertSoft,ERPNext Developer,https://www.linkedin.com/jobs/view/3552916415/,"Bengaluru, Karnataka, India"
Awign,Golang Developer,https://www.linkedin.com/jobs/view/3557581325/,India
GyanSys Inc.,Immediate opening for Integration Solution Architect,https://www.linkedin.com/jobs/view/3552993659/,India
Rohit Here,Summer Intern,https://www.linkedin.com/jobs/view/3561570149/,Greater Delhi Area
Terina Solutions LLP,Open Text Developer,https://www.linkedin.com/jobs/view/3557544658/,India
Headstrt,Flutter + GCP Engineer,https://www.linkedin.com/jobs/view/3552971217/,India
CIDROY TECHNOLOGIES LLP,Back End Developer (Node.js),https://www.linkedin.com/jobs/view/3557968019/,India
Arrowcx IT Service and Consulting Private Limited,Back End Developer,https://www.linkedin.com/jobs/view/3552986389/,India
Sierra-Cedar,"Oracle HCM Cloud Functional Specialist – Absence Management, Time & Labor",https://www.linkedin.com/jobs/view/3552913729/,India
Everi Holdings Inc.,iOS Developer,https://www.linkedin.com/jobs/view/3560716761/,India
Tachyon Technologies,Mobile automation Engineer,https://www.linkedin.com/jobs/view/3554226533/,India
dentsu,Databricks Engineer,https://www.linkedin.com/jobs/view/3560794887/,"Thane, Maharashtra, India"
EPAM Systems,Open Source Technology Sr. Engineer (Java8_Spring Boot_Microservices),https://www.linkedin.com/jobs/view/3460643896/,"Hyderabad, Telangana, India"
micro1,Typescript Developer,https://www.linkedin.com/jobs/view/3558206952/,India
NiketGroup,Android Developer,https://www.linkedin.com/jobs/view/3557557000/,India
Megabit Systems,Lead Android Developer - Part Time,https://www.linkedin.com/jobs/view/3552939876/,"Bengaluru, Karnataka, India"
Colan Infotech Private Limited,Senior AEM UI Developer,https://www.linkedin.com/jobs/view/3552954385/,India
Appzlogic,Scala Developer,https://www.linkedin.com/jobs/view/3557546282/,India
LEGAL BABU,PHP developer-freelance,https://www.linkedin.com/jobs/view/3558220644/,"Mumbai, Maharashtra, India"
Luxoft,Full-stack Java Developer,https://www.linkedin.com/jobs/view/3560681683/,India
MDU SANTISOLUTION PVT LTD,API PHP Developer Intern,https://www.linkedin.com/jobs/view/3561169026/,India
Must fintech,Golang Developers,https://www.linkedin.com/jobs/view/3557900754/,India
Ksolves India Limited,Ruby on Rails Developer,https://www.linkedin.com/jobs/view/3552927570/,India
Spark Technologies Hong Kong,Full Stack Engineer (Flutter APP & PHP Laravel Backend),https://www.linkedin.com/jobs/view/3552921922/,"Coimbatore, Tamil Nadu, India"
Careernet,Golang Lead,https://www.linkedin.com/jobs/view/3552941169/,"Bengaluru, Karnataka, India"
iQuest Management Consultants,AEM Developer,https://www.linkedin.com/jobs/view/3552959504/,India
Himflax Group,Shopify developer,https://www.linkedin.com/jobs/view/3557554909/,India
JediTeck,Shopify Developer,https://www.linkedin.com/jobs/view/3552925150/,India
Crossover,"Application Support Engineer, Trilogy (Remote) - $60,000/year USD",https://www.linkedin.com/jobs/view/3554775622/,"Jaipur, Rajasthan, India"
MontyCloud,Principal Platform Engineer,https://www.linkedin.com/jobs/view/3552942547/,India
Lolly.com,Frontend Angular Developer,https://www.linkedin.com/jobs/view/3557563565/,India
Finistro,Campus Ambassador,https://www.linkedin.com/jobs/view/3557885220/,India
mahanttam-consulting-services,Node JS Developer,https://www.linkedin.com/jobs/view/3557541802/,"Bengaluru, Karnataka, India"
Avestan Technologies LLC,PHP Developer with Moodle (7+yrs Exp),https://www.linkedin.com/jobs/view/3557554742/,India
codvo.ai,Senior Software Developer - .NET C#,https://www.linkedin.com/jobs/view/3552942112/,India
Innovation In You,Senior Machine Learning Engineer,https://www.linkedin.com/jobs/view/3557970777/,India
Ultra,Kotlin Developer,https://www.linkedin.com/jobs/view/3557955622/,India
Mesolith Solutions,LTE 5G/ 4G L3 Development,https://www.linkedin.com/jobs/view/3552951055/,India
Avestan Technologies LLC,.Net Developer (3+ Years),https://www.linkedin.com/jobs/view/3552952706/,India
Mesolith Solutions,LTE 5G/ 4G L3 Development,https://www.linkedin.com/jobs/view/3552951055/,India
Tata Consultancy Services,Sr. Java Fullstack,https://www.linkedin.com/jobs/view/3552950879/,"Chennai, Tamil Nadu, India"
Avestan Technologies LLC,.Net Developer (3+ Years),https://www.linkedin.com/jobs/view/3552952706/,India
Cloud Resources LLC,Cloud Java Developer,https://www.linkedin.com/jobs/view/3554203224/,"Hyderabad, Telangana, India"
Avestan Technologies LLC,.Net + Angular Developer(3+ yrs),https://www.linkedin.com/jobs/view/3557554775/,India
EduVitae Services,Campus Ambassador,https://www.linkedin.com/jobs/view/3557553995/,"Panchkula, Haryana, India"
innRoad,Lead Software Engineer,https://www.linkedin.com/jobs/view/3561509181/,India
Haparz,SkedFlex Engineer,https://www.linkedin.com/jobs/view/3557965491/,India
Crossover,"Lead Software Architect, Forward Kitchens (Remote) - $100,000/year USD",https://www.linkedin.com/jobs/view/3554774634/,"Hyderabad, Telangana, India"
Crossover,"Senior Consultant, Trilogy (Remote) - $200,000/year USD",https://www.linkedin.com/jobs/view/3554774819/,"Bengaluru, Karnataka, India"
Sphere Rays Technolabs Pvt Ltd,Remote Vue.js/Nuxt.js Developer,https://www.linkedin.com/jobs/view/3557557521/,India
Avestan Technologies LLC,.Net Developer (3 Years),https://www.linkedin.com/jobs/view/3557875463/,India
EiC Tech Sys,Senior Dotnet Developer,https://www.linkedin.com/jobs/view/3552950881/,"Mangaluru, Karnataka, India"
Talent Deers,"Full Stack Developer (.NET, Angular)",https://www.linkedin.com/jobs/view/3552936753/,"Madurai, Tamil Nadu, India"
IT,Senior Lead NodeJS Developer,https://www.linkedin.com/jobs/view/3557532746/,India
SKILL ELIXIREDGE,DATA MODELLER,https://www.linkedin.com/jobs/view/3557875122/,India
SourceFuse Technologies,Data Architect,https://www.linkedin.com/jobs/view/3552925273/,India
codvo.ai,Senior Fullstack Consultant (Part time)),https://www.linkedin.com/jobs/view/3532192546/,India
Modern Ballistic Solutions Pvt. Ltd.,Sr. Pega Developer/Architect,https://www.linkedin.com/jobs/view/3557552977/,India
Arrowcx IT Service and Consulting Private Limited,UI Developer,https://www.linkedin.com/jobs/view/3552994486/,India
Avestan Technologies LLC,".Net Full Stack Developer (3+yr,Immediate)",https://www.linkedin.com/jobs/view/3557557829/,India
Endeavor Academy,Freelance SharePoint Developer,https://www.linkedin.com/jobs/view/3557583282/,India
Crossover,"Application Support Engineer, Trilogy (Remote) - $60,000/year USD",https://www.linkedin.com/jobs/view/3554779326/,"Chandigarh, Chandigarh, India"
Programmers.io,Database Developer,https://www.linkedin.com/jobs/view/3552922762/,"Hyderabad, Telangana, India"
Endeavor Academy,Freelance SharePoint Developer,https://www.linkedin.com/jobs/view/3557583282/,India
Programmers.io,Database Developer,https://www.linkedin.com/jobs/view/3552922762/,"Hyderabad, Telangana, India"
Infotech Plaza,Test Automation Specialist,https://www.linkedin.com/jobs/view/3558205272/,"Maharashtra, India"
Owens & Minor,Senior Fullstack Developer - React & .NET [T500-6970],https://www.linkedin.com/jobs/view/3560774670/,"Pune, Maharashtra, India"
KAAR Infotech Private Limited,Dotnet Developer,https://www.linkedin.com/jobs/view/3552925299/,India
dentsu,IC Senior_Drupal Backend_Sr. Software Engineer_SA2,https://www.linkedin.com/jobs/view/3560901032/,"Thane, Maharashtra, India"
Encora Inc.,Senior/Lead Dot Net Developer,https://www.linkedin.com/jobs/view/3558216752/,"Pune, Maharashtra, India"
Acmegrade,Campus Ambassador,https://www.linkedin.com/jobs/view/3454664138/,India
VISANKA TECHNOLOGIES,Flutter Developer Intern,https://www.linkedin.com/jobs/view/3552940814/,India
Ampsys Consulting Pvt. Ltd.,Firebase Developer,https://www.linkedin.com/jobs/view/3552915632/,"Bengaluru, Karnataka, India"
Tide,Lead Cloud Operations Engineer(SRE/AWS),https://www.linkedin.com/jobs/view/3427029394/,"Bengaluru, Karnataka, India"
Talent Corner HR Services Pvt Ltd,OTM consultant - support role,https://www.linkedin.com/jobs/view/3557573637/,"Navi Mumbai, Maharashtra, India"
Tachyon Technologies,Urgent need for Sr Automation Engineer-Mobile Automation Tester role offshore India Remote opportunity,https://www.linkedin.com/jobs/view/3552969964/,India
Leading big4 Company in India,Cyber Security Engineer,https://www.linkedin.com/jobs/view/3552928192/,"Hyderabad, Telangana, India"
Capgemini Engineering,"Linux, MultiThreading, IPC and System Programming ll 6to 9 years ll Mumbai II Immediate to 20 Days",https://www.linkedin.com/jobs/view/3552911810/,"Mumbai, Maharashtra, India"
GreyNodes,Data Structure and Algorithms Subject Matter Expert || Freelance || WFH,https://www.linkedin.com/jobs/view/3557550447/,"Noida, Uttar Pradesh, India"
EPAM Anywhere,Senior Big Data Engineer,https://www.linkedin.com/jobs/view/3557932405/,India
dentsu,Data Delivery Architect,https://www.linkedin.com/jobs/view/3560904009/,"Thane, Maharashtra, India"
IndiaNIC Infotech Limited,VB DotNet Developer,https://www.linkedin.com/jobs/view/3557558649/,"Ahmedabad, Gujarat, India"
dentsu,IC Senior_Campaign Management_Sr. Software Engineer_SA2,https://www.linkedin.com/jobs/view/3560799082/,"Thane, Maharashtra, India"
EPAM Anywhere,Lead Big Data Engineer,https://www.linkedin.com/jobs/view/3557928914/,India
Etech Global Services,Project Lead Python,https://www.linkedin.com/jobs/view/3557578043/,"Gandhinagar, Gujarat, India"
bitWise Academy,"Wordpress Developer - PHP, WordPress, MySQL, Linux",https://www.linkedin.com/jobs/view/3554216019/,India
OptimHire,Back End Developer,https://www.linkedin.com/jobs/view/3552965396/,India
Hashtag Systems Inc,Senior PHP Laravel Developer,https://www.linkedin.com/jobs/view/3552914861/,India
Glow Networks,Ansible Developer,https://www.linkedin.com/jobs/view/3557891254/,India
REDiron,Senior React Native Developer,https://www.linkedin.com/jobs/view/3552915431/,India
Adwing Network Solutions Pvt. lTD.,Integration Engineer,https://www.linkedin.com/jobs/view/3557547199/,"Pune, Maharashtra, India"
Nityo Infotech,Cloud Engineer,https://www.linkedin.com/jobs/view/3552146222/,India
SuperTek Software Solutions Private Limited,Dotnet Developer,https://www.linkedin.com/jobs/view/3557883954/,"Lucknow, Uttar Pradesh, India"
Nityo Infotech,DevOps Architect,https://www.linkedin.com/jobs/view/3552136902/,India
U-SET,Osisoft Pi Engineer,https://www.linkedin.com/jobs/view/3557558440/,India
REDiron,Senior NodeJS Developer ( familiar with ChatGPT),https://www.linkedin.com/jobs/view/3552917122/,India
Surusha Technology Pvt Ltd,Dotnet Developer,https://www.linkedin.com/jobs/view/3552694426/,"Kolkata, West Bengal, India"
Bohiyaanam Talent Solutions,CMS Developer,https://www.linkedin.com/jobs/view/3557571995/,India
dentsu,IC Ecperienced_Campaign Implementation_Software Engineer_SA1,https://www.linkedin.com/jobs/view/3560797855/,"Thane, Maharashtra, India"
Sterve,Senior Full Stack Developer(Flutter + Node.js + MySQL),https://www.linkedin.com/jobs/view/3552910857/,India
Crossover,"Lead Software Architect, Forward Kitchens (Remote) - $100,000/year USD",https://www.linkedin.com/jobs/view/3554775356/,"Pune, Maharashtra, India"
Immersive Infotech Pvt. Ltd.,Salesforce Commerce Cloud Developer,https://www.linkedin.com/jobs/view/3557919861/,India
UIT Systems,Mobile Application Developer,https://www.linkedin.com/jobs/view/3552960658/,India
AMPSYS CONSULTING PRIVATE LIMITED,Firebase Developer,https://www.linkedin.com/jobs/view/3552917853/,"Bengaluru, Karnataka, India"
Programmers.io,Senior SQL Developer,https://www.linkedin.com/jobs/view/3552925135/,"Hyderabad, Telangana, India"
Sonata Software,Kernel Development,https://www.linkedin.com/jobs/view/3485644213/,India
People Prime Worldwide,DevOps Architect,https://www.linkedin.com/jobs/view/3552951813/,India
eJAmerica,IG Data,https://www.linkedin.com/jobs/view/3561525035/,India
Delphic,Sr. Node JS Developer Contract,https://www.linkedin.com/jobs/view/3557840967/,India
Crossover,"Principal Software Architect, Forward Kitchens (Remote) - $100,000/year USD",https://www.linkedin.com/jobs/view/3554780048/,"Lucknow, Uttar Pradesh, India"
Crossover,"Head of Engineering, Forward Kitchens (Remote) - $100,000/year USD",https://www.linkedin.com/jobs/view/3554775541/,"Chennai, Tamil Nadu, India"
Cloud Integrator Inc,Snowflake Developer,https://www.linkedin.com/jobs/view/3557532948/,"Hyderabad, Telangana, India"
Crossover,"Lead Software Architect, Forward Kitchens (Remote) - $100,000/year USD",https://www.linkedin.com/jobs/view/3554777421/,"Bengaluru, Karnataka, India"
REDiron,Senior NodeJS Developer ( familiar with ChatGPT),https://www.linkedin.com/jobs/view/3552917122/,India
Crossover,"Lead Software Engineer, Forward Kitchens (Remote) - $100,000/year USD",https://www.linkedin.com/jobs/view/3554773774/,"Bengaluru, Karnataka, India"
Crossover,"Principal Software Engineer, Forward Kitchens (Remote) - $100,000/year USD",https://www.linkedin.com/jobs/view/3554778532/,"Pune, Maharashtra, India"
Crossover,"Lead Software Architect, Forward Kitchens (Remote) - $100,000/year USD",https://www.linkedin.com/jobs/view/3554777248/,"Noida, Uttar Pradesh, India"
Softcom Systems Inc,SAP Conversion Developer,https://www.linkedin.com/jobs/view/3554216341/,India
Crossover,"Lead Software Architect, Forward Kitchens (Remote) - $100,000/year USD",https://www.linkedin.com/jobs/view/3554772902/,"Mumbai, Maharashtra, India"
OptimHire,Data Engineer,https://www.linkedin.com/jobs/view/3557950403/,"Bengaluru, Karnataka, India"
Crossover,"Lead Software Architect, Forward Kitchens (Remote) - $100,000/year USD",https://www.linkedin.com/jobs/view/3554774634/,"Hyderabad, Telangana, India"
Nityo Infotech,DevOps Architect,https://www.linkedin.com/jobs/view/3552136902/,India
Crossover,"Lead Software Engineer, Forward Kitchens (Remote) - $100,000/year USD",https://www.linkedin.com/jobs/view/3554776467/,Greater Kolkata Area
MilliPixels Interactive - A Cerebrent Company,Senior Fullstack PHP / WordPress Engineer,https://www.linkedin.com/jobs/view/3557589441/,India
AMPSYS CONSULTING PRIVATE LIMITED,Firebase Developer,https://www.linkedin.com/jobs/view/3552917853/,"Bengaluru, Karnataka, India"
Crossover,"Lead Software Engineer, Forward Kitchens (Remote) - $100,000/year USD",https://www.linkedin.com/jobs/view/3554776468/,"Hyderabad, Telangana, India"
Crossover,"Lead Software Architect, Forward Kitchens (Remote) - $100,000/year USD",https://www.linkedin.com/jobs/view/3554773614/,"New Delhi, Delhi, India"
MyJobCart Software Pvt. Ltd.,ELK Developer,https://www.linkedin.com/jobs/view/3555152470/,India
Confidential.,Full Stack Engineer (React.js + .NET + Azure),https://www.linkedin.com/jobs/view/3557554827/,India
micro1,"Senior Full Stack Developer (Next.js, Typescript, React, MongoDB)",https://www.linkedin.com/jobs/view/3557557733/,India
Crossover,"Lead Software Engineer, Forward Kitchens (Remote) - $100,000/year USD",https://www.linkedin.com/jobs/view/3554773879/,"Pune, Maharashtra, India"
Crossover,"Principal Software Engineer, Forward Kitchens (Remote) - $100,000/year USD",https://www.linkedin.com/jobs/view/3554777251/,"Lucknow, Uttar Pradesh, India"
Crossover,"Principal Software Engineer, Trilogy (Remote) - $100,000/year USD",https://www.linkedin.com/jobs/view/3554775495/,"Indore, Madhya Pradesh, India"
Crossover,"Lead Software Architect, Forward Kitchens (Remote) - $100,000/year USD",https://www.linkedin.com/jobs/view/3554777416/,Greater Kolkata Area
Tezlogic,Vue.JS Developer(4+ years exp),https://www.linkedin.com/jobs/view/3552914447/,"Hyderabad, Telangana, India"
Crossover,"Senior Software Architect, Forward Kitchens (Remote) - $100,000/year USD",https://www.linkedin.com/jobs/view/3554772892/,"Patna, Bihar, India"
YASH Technologies,Collibra /Data lineage OR Data Tester with Data Goverance /Data quality testing -Remote,https://www.linkedin.com/jobs/view/3554266641/,India
VAAS Intelligent Technology Services Pvt. Ltd,Dotnet Developer,https://www.linkedin.com/jobs/view/3554212166/,"Kozhikode, Kerala, India"
Recruitzz,Ruby on Rails Developer,https://www.linkedin.com/jobs/view/3557576056/,India
Crossover,"Senior Software Architect, Trilogy (Remote) - $100,000/year USD",https://www.linkedin.com/jobs/view/3554777426/,"Indore, Madhya Pradesh, India"
Hidden Brains InfoTech Pvt. Ltd.,Artificial Intelligence Engineer,https://www.linkedin.com/jobs/view/3558227943/,India
OptimHire,Angular Developer,https://www.linkedin.com/jobs/view/3558231044/,India
Crossover,"Python Developer, Forward Kitchens (Remote) - $60,000/year USD",https://www.linkedin.com/jobs/view/3554774829/,"Patna, Bihar, India"
Crossover,"Lead Software Engineer, Forward Kitchens (Remote) - $100,000/year USD",https://www.linkedin.com/jobs/view/3554778371/,"Chennai, Tamil Nadu, India"
Crossover,"Principal Software Engineer, Forward Kitchens (Remote) - $100,000/year USD",https://www.linkedin.com/jobs/view/3554776287/,"Patna, Bihar, India"
Crossover,"Lead Software Engineer, Forward Kitchens (Remote) - $100,000/year USD",https://www.linkedin.com/jobs/view/3554776293/,"Noida, Uttar Pradesh, India"
Pro Integrate,Webmethods Admin / Developer,https://www.linkedin.com/jobs/view/3552913805/,"Hyderabad, Telangana, India"
OptimHire,Typescript Developer,https://www.linkedin.com/jobs/view/3557560444/,India
Crossover,"Principal Software Engineer, Forward Kitchens (Remote) - $100,000/year USD",https://www.linkedin.com/jobs/view/3554775360/,"Mumbai, Maharashtra, India"
Crossover,"Software Engineer, Totogi (Remote) - $60,000/year USD",https://www.linkedin.com/jobs/view/3554778546/,"Ahmedabad, Gujarat, India"
Crossover,"Senior Software Engineer, Trilogy (Remote) - $100,000/year USD",https://www.linkedin.com/jobs/view/3554774749/,"Pune, Maharashtra, India"
Crossover,"Principal Software Engineer, Trilogy (Remote) - $100,000/year USD",https://www.linkedin.com/jobs/view/3554775453/,"Modinagar, Uttar Pradesh, India"
Crossover,"Principal Software Engineer, Trilogy (Remote) - $100,000/year USD",https://www.linkedin.com/jobs/view/3554778148/,"Mumbai, Maharashtra, India"
Crossover,"Senior Software Engineer, Forward Kitchens (Remote) - $60,000/year USD",https://www.linkedin.com/jobs/view/3554778588/,"Noida, Uttar Pradesh, India"
Crossover,"Senior Software Engineer, Forward Kitchens (Remote) - $60,000/year USD",https://www.linkedin.com/jobs/view/3557514533/,"Bengaluru, Karnataka, India"
EPAM Anywhere,Senior Java (EBX) Developer,https://www.linkedin.com/jobs/view/3494494132/,India
Crossover,"Lead Software Engineer, Trilogy (Remote) - $100,000/year USD",https://www.linkedin.com/jobs/view/3554779287/,"Pimpri Chinchwad, Maharashtra, India"
ScaleReal Technologies Pvt. Ltd.,Ruby on Rails Developer (3+ yrs of Experience),https://www.linkedin.com/jobs/view/3557555595/,India
Crossover,"Principal Software Engineer, Trilogy (Remote) - $100,000/year USD",https://www.linkedin.com/jobs/view/3554780113/,"Delhi, Delhi, India"
Crossover,"Lead Software Engineer, Trilogy (Remote) - $100,000/year USD",https://www.linkedin.com/jobs/view/3554775686/,"Pune, Maharashtra, India"
innOvator web solutions pvt. ltd.,Certified Databricks Developer,https://www.linkedin.com/jobs/view/3552954083/,India
Crossover,"Software Engineer, Totogi (Remote) - $60,000/year USD",https://www.linkedin.com/jobs/view/3554775660/,"Mumbai, Maharashtra, India"
Crossover,"Software Engineer, Totogi (Remote) - $60,000/year USD",https://www.linkedin.com/jobs/view/3554776588/,"New Delhi, Delhi, India"
Apidel Technologies,Salesforce Marketing Cloud Developer,https://www.linkedin.com/jobs/view/3557580294/,India
White Works Consulting,Salesforce Developer,https://www.linkedin.com/jobs/view/3552995150/,India
Virtusa Systems LLP,IIT Chemistry Faculty,https://www.linkedin.com/jobs/view/3476248941/,"New Delhi, Delhi, India"
Crossover,"Lead Software Engineer, Trilogy (Remote) - $100,000/year USD",https://www.linkedin.com/jobs/view/3554778333/,"Mysuru, Karnataka, India"
Crossover,"Senior Technical Product Manager, Trilogy (Remote) - $200,000/year USD",https://www.linkedin.com/jobs/view/3554773698/,"Noida, Uttar Pradesh, India"
EPAM Anywhere,Senior Java (EBX) Developer,https://www.linkedin.com/jobs/view/3494494132/,India
Crossover,"Senior Software Engineer, Trilogy (Remote) - $100,000/year USD",https://www.linkedin.com/jobs/view/3554773814/,"Maharashtra, India"
Crossover,"Principal Software Engineer, Trilogy (Remote) - $100,000/year USD",https://www.linkedin.com/jobs/view/3554774549/,"Jaipur, Rajasthan, India"
Crossover,"Senior Software Engineer, Trilogy (Remote) - $100,000/year USD",https://www.linkedin.com/jobs/view/3554774524/,"Gurgaon, Haryana, India"
Crossover,"Senior Software Engineer, Trilogy (Remote) - $100,000/year USD",https://www.linkedin.com/jobs/view/3554774532/,"Chandigarh, Chandigarh, India"
OptimHire,Typescript Developer,https://www.linkedin.com/jobs/view/3552915612/,India
OptimHire,Typescript Developer,https://www.linkedin.com/jobs/view/3552915908/,India
SREYO,Sr. ServiceNow Developer (Application Developer) - Contract job - Need Candidates ONLY from India,https://www.linkedin.com/jobs/view/3561619006/,"Thiruvananthapuram, Kerala, India"
Mobile Programming LLC,Adobe Campaign Developer,https://www.linkedin.com/jobs/view/3557969541/,India
Crossover,"Senior Software Engineer, Trilogy (Remote) - $100,000/year USD",https://www.linkedin.com/jobs/view/3554772957/,"Noida, Uttar Pradesh, India"
Asiana Times - Career,Web Story Intern,https://www.linkedin.com/jobs/view/3552940147/,India
Serendipity Corporate Services,Solutions Architect,https://www.linkedin.com/jobs/view/3557580760/,"Ahmedabad, Gujarat, India"
EpitronX,Immediate Recruitment for Labview Developer,https://www.linkedin.com/jobs/view/3552976023/,India
Mazenet Solution,Ready API,https://www.linkedin.com/jobs/view/3552940754/,India
USR SYSTEMS LLC,SAP S/4 Hana Conversion Developers,https://www.linkedin.com/jobs/view/3557909331/,India
Crossover,"Senior Software Engineer, Trilogy (Remote) - $100,000/year USD",https://www.linkedin.com/jobs/view/3554773877/,"Hyderabad, Telangana, India"
OptimHire,Typescript Developer,https://www.linkedin.com/jobs/view/3552916510/,India
Crossover,"Software Engineer, Totogi (Remote) - $60,000/year USD",https://www.linkedin.com/jobs/view/3554775665/,"Hyderabad, Telangana, India"
Asiana Times - Career,Web Story Intern,https://www.linkedin.com/jobs/view/3552940483/,India
Tata Consultancy Services,FlexPLM Developer,https://www.linkedin.com/jobs/view/3552940456/,India
Tata Consultancy Services,FlexPLM Developer,https://www.linkedin.com/jobs/view/3552940456/,India
Asiana Times - Career,Web Story Intern,https://www.linkedin.com/jobs/view/3552940483/,India
Crossover,"Senior Software Engineer, Trilogy (Remote) - $100,000/year USD",https://www.linkedin.com/jobs/view/3554777515/,"Chennai, Tamil Nadu, India"
Crossover,"Software Architect, Trilogy (Remote) - $100,000/year USD",https://www.linkedin.com/jobs/view/3554776519/,"Patna, Bihar, India"
MLE,SAP Opentext developer,https://www.linkedin.com/jobs/view/3557566798/,"Bengaluru, Karnataka, India"
Randstad India,Oracle EPM Consultant,https://www.linkedin.com/jobs/view/3557589283/,India
Crossover,"Senior Technical Product Manager, Trilogy (Remote) - $200,000/year USD",https://www.linkedin.com/jobs/view/3554776332/,"Ludhiana, Punjab, India"
"Samiti Technology, Inc.",Sr. Algo trading developer,https://www.linkedin.com/jobs/view/3552973474/,India
OptimHire,Senior Platform Engineer,https://www.linkedin.com/jobs/view/3557895871/,"Hyderabad, Telangana, India"
Crossover,"Devops Engineer, Totogi (Remote) - $60,000/year USD",https://www.linkedin.com/jobs/view/3554776589/,"New Delhi, Delhi, India"
Dwellfox,workday Integration,https://www.linkedin.com/jobs/view/3027875935/,India
Engeniuspark Technologies LLP,Infor M3 finance consultant,https://www.linkedin.com/jobs/view/3552919864/,India
Way2Class,Freelance Technical Writer,https://www.linkedin.com/jobs/view/3558224612/,India
Apps Associates,Oracle Application Database Administrator,https://www.linkedin.com/jobs/view/3552939779/,"Hyderabad, Telangana, India"
Asiana Times - Career,Web Story intern,https://www.linkedin.com/jobs/view/3525259637/,India
IT Services & Consulting,SAP Basis Administrator,https://www.linkedin.com/jobs/view/3552942263/,"Hyderabad, Telangana, India"
Multisoft Systems,Data Engineer (GCP) Trainer,https://www.linkedin.com/jobs/view/3557564174/,India
Neha Dojo,Computer Programming Coach for Grade 5 Student,https://www.linkedin.com/jobs/view/3557887366/,India
Apidel Technologies,Mern stack lead,https://www.linkedin.com/jobs/view/3558235292/,India
Nicheton®,Senior .NET Full Stack Engineer,https://www.linkedin.com/jobs/view/3552912888/,India
Teamware Solutions a division of Quantum Leap Consulting Pvt. Ltd,Maximo developer,https://www.linkedin.com/jobs/view/3552942892/,India
Way2Class,Content writer (technical),https://www.linkedin.com/jobs/view/3558232430/,India
"Resource Informatics Group, Inc",Offshore - Remote - SAP ABAP Developer with ATTP experience,https://www.linkedin.com/jobs/view/3560909986/,"Hyderabad, Telangana, India"
TekWissen ®,Azure/Cloud Infra Testing,https://www.linkedin.com/jobs/view/3552920029/,"Bengaluru, Karnataka, India"
Graphhene Software (P) Ltd.,Salesforce Commerce Cloud Developer / Lead (SFCC),https://www.linkedin.com/jobs/view/3557577550/,India
Engeniuspark Technologies LLP,Infor M3 finance consultant,https://www.linkedin.com/jobs/view/3552919864/,India
Apps Associates,Oracle Application Database Administrator,https://www.linkedin.com/jobs/view/3552939779/,"Hyderabad, Telangana, India"
Asiana Times - Career,Web Story intern,https://www.linkedin.com/jobs/view/3525259637/,India
IT Services & Consulting,SAP Basis Administrator,https://www.linkedin.com/jobs/view/3552942263/,"Hyderabad, Telangana, India"
Neha Dojo,Computer Programming Coach for Grade 5 Student,https://www.linkedin.com/jobs/view/3557887366/,India
Apidel Technologies,Mern stack lead,https://www.linkedin.com/jobs/view/3558235292/,India
Nicheton®,Senior .NET Full Stack Engineer,https://www.linkedin.com/jobs/view/3552912888/,India
Teamware Solutions a division of Quantum Leap Consulting Pvt. Ltd,Maximo developer,https://www.linkedin.com/jobs/view/3552942892/,India
FutureCaptains,DataBricks Engineer,https://www.linkedin.com/jobs/view/3554281292/,India
Way2Class,Content writer (technical),https://www.linkedin.com/jobs/view/3558232430/,India
TekWissen ®,Azure/Cloud Infra Testing,https://www.linkedin.com/jobs/view/3552920029/,"Bengaluru, Karnataka, India"
"Resource Informatics Group, Inc",Offshore - Remote - SAP ABAP Developer with ATTP experience,https://www.linkedin.com/jobs/view/3560909986/,"Hyderabad, Telangana, India"
Graphhene Software (P) Ltd.,Salesforce Commerce Cloud Developer / Lead (SFCC),https://www.linkedin.com/jobs/view/3557577550/,India
Kanmalai Technologies Pvt Ltd,SAP ABAP HANA Consultant,https://www.linkedin.com/jobs/view/3552936655/,"Hyderabad, Telangana, India"
OptimHire,Drupal Developer,https://www.linkedin.com/jobs/view/3552967700/,India
GSC Technologies Limited,Service now Architect,https://www.linkedin.com/jobs/view/3557582184/,India
Programmers.io,AS400-RPGLE Developer,https://www.linkedin.com/jobs/view/3543240896/,India
Imetris Corporation,Sailpoint Developer,https://www.linkedin.com/jobs/view/3561518488/,India
innRoad,Senior Software Engineer,https://www.linkedin.com/jobs/view/3561506439/,India
Encora Inc.,"Technical Lead/Architect (C, C++)",https://www.linkedin.com/jobs/view/3557571391/,"Pune, Maharashtra, India"
Turito Inc.,Robotics Tutor,https://www.linkedin.com/jobs/view/3557902117/,India
CodeKaroYaaro - International Kids Coding School,Operation intern,https://www.linkedin.com/jobs/view/3554922379/,India
ResumeGuru - Resume & LinkedIn,Business Development Intern,https://www.linkedin.com/jobs/view/3430045124/,India
WebActOn,Business Development Intern,https://www.linkedin.com/jobs/view/3556482071/,India
SREYO,Sr. ServiceNow Developer (Application Developer) - Contract job - Need Candidates ONLY from India,https://www.linkedin.com/jobs/view/3561619006/,"Thiruvananthapuram, Kerala, India"
Honeymoon Holidays,Operations Executive - Travel (Interns/Freshers),https://www.linkedin.com/jobs/view/3558237360/,"Delhi, India"
upGrad Ghaziabad,Sales Intern,https://www.linkedin.com/jobs/view/3558241659/,"New Delhi, Delhi, India"
eJAmerica,React Developer,https://www.linkedin.com/jobs/view/3561523654/,India
eJAmerica,Data Engineer,https://www.linkedin.com/jobs/view/3561518467/,India
EPAM Systems,Lead Software Engineer React.Js,https://www.linkedin.com/jobs/view/3558270720/,"Bengaluru, Karnataka, India"
EPAM Systems,Lead Software Engineer React.Js,https://www.linkedin.com/jobs/view/3558265817/,"Hyderabad, Telangana, India"
eJAmerica,Database Engineer,https://www.linkedin.com/jobs/view/3561517481/,India
EPAM Systems,"Software Engineer (Java, Angular)",https://www.linkedin.com/jobs/view/3558265737/,"Chennai, Tamil Nadu, India"
EPAM Systems,Big Data & GCP- Senior Software Engineer,https://www.linkedin.com/jobs/view/3558269865/,"Pune, Maharashtra, India"
EPAM Systems,Lead Software Engineer (Big Data and Azure),https://www.linkedin.com/jobs/view/3558264946/,"Chennai, Tamil Nadu, India"
EPAM Systems,"Java, AWS, DS Algo - Lead Software Engineer",https://www.linkedin.com/jobs/view/3558291479/,"Hyderabad, Telangana, India"
EPAM Systems,Senior Engineer Automation Testing Python,https://www.linkedin.com/jobs/view/3558273939/,"Gurugram, Haryana, India"
EPAM Systems,Big Data & GCP- Senior Software Engineer,https://www.linkedin.com/jobs/view/3558268863/,"Bengaluru, Karnataka, India"
EPAM Systems,Lead Software Engineer (Big Data & GCP),https://www.linkedin.com/jobs/view/3558274701/,"Pune, Maharashtra, India"
EPAM Systems,Cloud Technology Consultant (Azure/AWS/GCP),https://www.linkedin.com/jobs/view/3558268931/,"Bengaluru, Karnataka, India"
EPAM Systems,"Lead Software Engineer -Java8, SpringBoot, Microservices",https://www.linkedin.com/jobs/view/3558266962/,"Hyderabad, Telangana, India"
EPAM Systems,Lead Software Engineer (Big Data & GCP),https://www.linkedin.com/jobs/view/3558278664/,"Bengaluru, Karnataka, India"
EPAM Systems,Big Data and Azure- Senior Software Engineer,https://www.linkedin.com/jobs/view/3558275370/,"Pune, Maharashtra, India"
EPAM Systems,"Senior Software Engineer- Java, AWS, DS Algo",https://www.linkedin.com/jobs/view/3558265747/,"Hyderabad, Telangana, India"
EPAM Systems,"Senior Software Engineer (Java, Angular)",https://www.linkedin.com/jobs/view/3558265946/,"Pune, Maharashtra, India"
EPAM Systems,Lead Software Engineer (Big Data and Azure),https://www.linkedin.com/jobs/view/3558264945/,"Hyderabad, Telangana, India"
EPAM Systems,Big Data and Azure- Senior Software Engineer,https://www.linkedin.com/jobs/view/3558277362/,"Chennai, Tamil Nadu, India"
EPAM Systems,Lead Cloud Azure System Engineer,https://www.linkedin.com/jobs/view/3558278265/,"Chennai, Tamil Nadu, India"
EPAM Systems,Senior Data Quality Automation Engineer,https://www.linkedin.com/jobs/view/3558271081/,"Chennai, Tamil Nadu, India"
EPAM Systems,Lead Software Engineer (Big Data & GCP),https://www.linkedin.com/jobs/view/3558277681/,"Hyderabad, Telangana, India"
EPAM Systems,"Senior Software Engineer (Java, Angular)",https://www.linkedin.com/jobs/view/3558266892/,"Hyderabad, Telangana, India"
EPAM Systems,Senior Engineer Automation Testing Python,https://www.linkedin.com/jobs/view/3558277938/,"Chennai, Tamil Nadu, India"
EPAM Systems,"Senior Software Engineer- Java, DS Algo, Microservices",https://www.linkedin.com/jobs/view/3558267956/,"Hyderabad, Telangana, India"
EPAM Systems,Automation Test Engineer -.Net,https://www.linkedin.com/jobs/view/3558269872/,"Gurugram, Haryana, India"
EPAM Systems,Senior Software Engineer Angular,https://www.linkedin.com/jobs/view/3558273724/,"Pune, Maharashtra, India"
EPAM Systems,Lead Software Engineer (Big Data and Azure),https://www.linkedin.com/jobs/view/3558265791/,"Pune, Maharashtra, India"
EPAM Systems,Big Data and Azure- Senior Software Engineer,https://www.linkedin.com/jobs/view/3558278328/,"Bengaluru, Karnataka, India"
EPAM Systems,Automation Test Engineer -.Net,https://www.linkedin.com/jobs/view/3558266835/,"Chennai, Tamil Nadu, India"
EPAM Systems,Lead Software Engineer (Big Data & GCP),https://www.linkedin.com/jobs/view/3558272899/,"Gurugram, Haryana, India"
EPAM Systems,Automation Test Engineer -.Net,https://www.linkedin.com/jobs/view/3558271055/,"Bengaluru, Karnataka, India"
EPAM Systems,Senior Site Reliability Engineer (SRE),https://www.linkedin.com/jobs/view/3558269675/,"Pune, Maharashtra, India"
EPAM Systems,Lead Cloud Azure System Engineer,https://www.linkedin.com/jobs/view/3558277295/,"Hyderabad, Telangana, India"
EPAM Systems,Automation Test Engineer -.Net,https://www.linkedin.com/jobs/view/3558267833/,"Pune, Maharashtra, India"
TIGI HR ®,Software Architect,https://www.linkedin.com/jobs/view/3554917805/,India
EPAM Systems,Senior Engineer Automation Testing Python,https://www.linkedin.com/jobs/view/3558275933/,"Bengaluru, Karnataka, India"
EPAM Systems,Lead Cloud Azure System Engineer,https://www.linkedin.com/jobs/view/3558276320/,"Pune, Maharashtra, India"
EPAM Systems,Senior Cloud Azure System Engineer,https://www.linkedin.com/jobs/view/3558271513/,"Pune, Maharashtra, India"
ASZ Technologies,Fullstack PHP Tech lead,https://www.linkedin.com/jobs/view/3554906811/,India
EPAM Systems,Senior Cloud Azure System Engineer,https://www.linkedin.com/jobs/view/3558276353/,"Chennai, Tamil Nadu, India"
EPAM Systems,Lead Automation Test Engineer Javascript,https://www.linkedin.com/jobs/view/3558274064/,"Chennai, Tamil Nadu, India"
EPAM Systems,Senior Automation Test Engineer Javascript,https://www.linkedin.com/jobs/view/3558273731/,"Bengaluru, Karnataka, India"
EPAM Systems,Senior Cloud Azure System Engineer,https://www.linkedin.com/jobs/view/3558277329/,"Bengaluru, Karnataka, India"
EPAM Systems,Senior Site Reliability Engineer (SRE),https://www.linkedin.com/jobs/view/3558263865/,"Hyderabad, Telangana, India"
EPAM Systems,SRE- Senior Site Reliability Engineer,https://www.linkedin.com/jobs/view/3558276303/,"Bengaluru, Karnataka, India"
EPAM Systems,Senior Site Reliability Engineer (SRE),https://www.linkedin.com/jobs/view/3558268676/,"Gurugram, Haryana, India"
EPAM Systems,SRE- Senior Site Reliability Engineer,https://www.linkedin.com/jobs/view/3558275290/,"Pune, Maharashtra, India"
EPAM Systems,Lead .Net Automation Test Engineer,https://www.linkedin.com/jobs/view/3558274388/,"Chennai, Tamil Nadu, India"
s7works,Backend Developer,https://www.linkedin.com/jobs/view/3424726561/,"Hyderabad, Telangana, India"
EPAM Systems,Senior Cloud Azure System Engineer,https://www.linkedin.com/jobs/view/3558277328/,"Hyderabad, Telangana, India"
EPAM Systems,Senior .Net Automation Test Engineer,https://www.linkedin.com/jobs/view/3558273274/,"Chennai, Tamil Nadu, India"
EPAM Systems,Senior Site Reliability Engineer (SRE),https://www.linkedin.com/jobs/view/3558265703/,"Chennai, Tamil Nadu, India"
EPAM Systems,Senior Automation Test Engineer Javascript,https://www.linkedin.com/jobs/view/3558277725/,"Gurugram, Haryana, India"
EPAM Systems,SRE- Senior Site Reliability Engineer,https://www.linkedin.com/jobs/view/3558274314/,"Hyderabad, Telangana, India"
EPAM Systems,Lead Automation Test Engineer Javascript,https://www.linkedin.com/jobs/view/3558271240/,"Gurugram, Haryana, India"
EPAM Systems,Salesforce Software Engineer (Conga CLM),https://www.linkedin.com/jobs/view/3558267737/,"Bengaluru, Karnataka, India"
EPAM Systems,Senior Automation Test Engineer Javascript,https://www.linkedin.com/jobs/view/3558274742/,"Pune, Maharashtra, India"
EPAM Systems,Senior Automation Test Engineer Javascript,https://www.linkedin.com/jobs/view/3558276730/,"Hyderabad, Telangana, India"
EPAM Systems,Senior Cloud Azure Systems Engineer,https://www.linkedin.com/jobs/view/3558265774/,"Chennai, Tamil Nadu, India"
EPAM Systems,Lead Automation Test Engineer Javascript,https://www.linkedin.com/jobs/view/3558273086/,"Pune, Maharashtra, India"
EPAM Systems,SRE- Senior Site Reliability Engineer,https://www.linkedin.com/jobs/view/3558271467/,"Gurugram, Haryana, India"
EPAM Systems,Lead Automation Test Engineer Javascript,https://www.linkedin.com/jobs/view/3558273085/,"Hyderabad, Telangana, India"
EPAM Systems,Senior .Net Automation Test Engineer,https://www.linkedin.com/jobs/view/3558278199/,"Bengaluru, Karnataka, India"
Rock Interview,Mobile Application Developer,https://www.linkedin.com/jobs/view/3554906054/,"Bengaluru, Karnataka, India"
Infosys,Golang Developer,https://www.linkedin.com/jobs/view/3561684267/,India
EPAM Systems,Senior Cloud Azure Systems Engineer,https://www.linkedin.com/jobs/view/3558266715/,"Pune, Maharashtra, India"
EPAM Systems,Senior .Net Automation Test Engineer,https://www.linkedin.com/jobs/view/3558271424/,"Pune, Maharashtra, India"
Infosys,Golang Developer,https://www.linkedin.com/jobs/view/3561658491/,India
EPAM Systems,Senior Cloud Azure System Engineer,https://www.linkedin.com/jobs/view/3558277319/,"Gurugram, Haryana, India"
EPAM Systems,Senior .Net Automation Test Engineer,https://www.linkedin.com/jobs/view/3558271423/,"Hyderabad, Telangana, India"
Aviso AI,Senior Software Engineer - Professional Services,https://www.linkedin.com/jobs/view/3554958249/,India
EPAM Systems,Senior Software Engineer (.Net Full Stack and Azure/AWS),https://www.linkedin.com/jobs/view/3558278293/,"Bengaluru, Karnataka, India"
EPAM Systems,Senior Software Engineer (.Net Full Stack and Azure/AWS),https://www.linkedin.com/jobs/view/3558277313/,"Pune, Maharashtra, India"
EPAM Systems,SRE- Senior Site Reliability Engineer,https://www.linkedin.com/jobs/view/3558275289/,"Chennai, Tamil Nadu, India"
EPAM Systems,Senior Cloud Azure Systems Engineer,https://www.linkedin.com/jobs/view/3558263943/,"Bengaluru, Karnataka, India"
EPAM Systems,Lead .Net Automation Test Engineer,https://www.linkedin.com/jobs/view/3558274387/,"Pune, Maharashtra, India"
EPAM Systems,Lead .Net Automation Test Engineer,https://www.linkedin.com/jobs/view/3558271542/,"Hyderabad, Telangana, India"
EPAM Systems,Senior .Net Automation Test Engineer,https://www.linkedin.com/jobs/view/3558277244/,"Gurugram, Haryana, India"
EPAM Systems,Senior Cloud Azure Systems Engineer,https://www.linkedin.com/jobs/view/3558269744/,"Hyderabad, Telangana, India"
EPAM Systems,Senior Software Engineer (.Net Full Stack and Angular/React),https://www.linkedin.com/jobs/view/3558278189/,"Chennai, Tamil Nadu, India"
EPAM Systems,Lead System Engineer - Cloud.Azure,https://www.linkedin.com/jobs/view/3558271654/,"Hyderabad, Telangana, India"
EPAM Systems,Senior Cloud Azure Systems Engineer,https://www.linkedin.com/jobs/view/3558265776/,"Gurugram, Haryana, India"
EPAM Systems,Lead .Net Automation Test Engineer,https://www.linkedin.com/jobs/view/3558275366/,"Gurugram, Haryana, India"
SOCLY.io,Senior Developer - Frontend,https://www.linkedin.com/jobs/view/3552993742/,"Hyderabad, Telangana, India"
EPAM Systems,Senior Software Engineer (.Net Full Stack and Angular/React),https://www.linkedin.com/jobs/view/3558277231/,"Pune, Maharashtra, India"
EPAM Systems,Lead Software Engineer (.Net Core and Azure/AWS),https://www.linkedin.com/jobs/view/3558263935/,"Chennai, Tamil Nadu, India"
EPAM Systems,Lead Software Engineer (.Net Core and Azure/AWS),https://www.linkedin.com/jobs/view/3558265766/,"Pune, Maharashtra, India"
EPAM Systems,Lead Software Engineer (.Net Full Stack and Azure/AWS),https://www.linkedin.com/jobs/view/3558269894/,"Chennai, Tamil Nadu, India"
United Force Technologies,Full Stack Dot Net with React,https://www.linkedin.com/jobs/view/3558296615/,India
EPAM Systems,Senior Software Engineer (.Net Core and Azure/AWS),https://www.linkedin.com/jobs/view/3558270905/,"Pune, Maharashtra, India"
EPAM Systems,Senior Software Engineer (.Net Full Stack and Azure/AWS),https://www.linkedin.com/jobs/view/3558274355/,"Chennai, Tamil Nadu, India"
EPAM Systems,Lead Software Engineer (.Net Core and Azure/AWS),https://www.linkedin.com/jobs/view/3558264910/,"Bengaluru, Karnataka, India"
EPAM Systems,Senior Software Engineer (.Net Core and Azure/AWS),https://www.linkedin.com/jobs/view/3558269884/,"Chennai, Tamil Nadu, India"
Infosys,Golang Developer,https://www.linkedin.com/jobs/view/3561696289/,India
REACT GLOBAL,Mobile Application Developer,https://www.linkedin.com/jobs/view/3557992774/,"New Delhi, Delhi, India"
EPAM Systems,Lead Software Engineer (.Net Full Stack and Azure/AWS),https://www.linkedin.com/jobs/view/3558266857/,"Hyderabad, Telangana, India"
Caarya,Android Developer,https://www.linkedin.com/jobs/view/3556494935/,"Hyderabad, Telangana, India"
EPAM Systems,Salesforce Software Engineer (Conga CLM),https://www.linkedin.com/jobs/view/3558265805/,"Chennai, Tamil Nadu, India"
EPAM Systems,Senior Software Engineer (.Net Full Stack and Azure/AWS),https://www.linkedin.com/jobs/view/3558278292/,"Hyderabad, Telangana, India"
EPAM Systems,Senior Software Engineer (.Net Core and Azure/AWS),https://www.linkedin.com/jobs/view/3558266960/,"Hyderabad, Telangana, India"
SayItSoocial,Shopify Developer,https://www.linkedin.com/jobs/view/3558746287/,"Mumbai, Maharashtra, India"
EdYoda (zekeLabs Technologies Pvt. Ltd.),"Part time Instructor For Fullstack - React.JS, Node.JS, MongoDB",https://www.linkedin.com/jobs/view/3554943637/,India
EPAM Systems,Salesforce Software Engineer (Conga CLM),https://www.linkedin.com/jobs/view/3558269768/,"Pune, Maharashtra, India"
a2z YOUTHSOLUTION,Sitecore Developer,https://www.linkedin.com/jobs/view/3562042680/,"Pune, Maharashtra, India"
EPAM Systems,Senior Salesforce Commerce Cloud (B2B-Lightning) Developer,https://www.linkedin.com/jobs/view/3558266684/,"Gurugram, Haryana, India"
TalentXO,Senior Software Engineer full stack ( Angular),https://www.linkedin.com/jobs/view/3554919785/,India
GradientFI,Blockchain Developer,https://www.linkedin.com/jobs/view/3554955293/,India
EPAM Systems,Lead .Net Automation Test Engineer,https://www.linkedin.com/jobs/view/3558275369/,"Bengaluru, Karnataka, India"
Hitachi Vantara,Storage Engineer,https://www.linkedin.com/jobs/view/3442849105/,"Bengaluru, Karnataka, India"
"Signimus Technolgies: Hiring Python, MERN, React Native and other Devs",Dotnet Developer,https://www.linkedin.com/jobs/view/3554948094/,India
EPAM Systems,Salesforce Senior Engineer (Vlocity),https://www.linkedin.com/jobs/view/3558266654/,"Gurugram, Haryana, India"
3Minds e-Solutions Pvt Ltd,Lead Dot Net Full Stack,https://www.linkedin.com/jobs/view/3558252361/,India
EPAM Systems,Senior Salesforce CPQ Developer,https://www.linkedin.com/jobs/view/3558272917/,"Pune, Maharashtra, India"
Programmers.io,Senior SQL Developers,https://www.linkedin.com/jobs/view/3554283459/,"Delhi, India"
MilliPixels Interactive - A Cerebrent Company,Senior Fullstack PHP / WordPress Engineer,https://www.linkedin.com/jobs/view/3557589441/,India
SREYO,Sr. ServiceNow Developer (Application Developer) - Contract job - Need Candidates ONLY from India,https://www.linkedin.com/jobs/view/3561619006/,"Thiruvananthapuram, Kerala, India"
Apidel Technologies,Mern stack lead,https://www.linkedin.com/jobs/view/3558235292/,India
TIGI HR ®,Magento Developer,https://www.linkedin.com/jobs/view/3554283430/,India
Solace Infotech Private Limited,Junior Flutter Developer,https://www.linkedin.com/jobs/view/3557580437/,"Maharashtra, India"
Tide,Lead Cloud Operations Engineer(SRE/AWS),https://www.linkedin.com/jobs/view/3431110013/,"Delhi, Delhi, India"
CREATORSHALA(Complay Online Media LLC),Wordpress Expert Developer,https://www.linkedin.com/jobs/view/3558749787/,"Delhi, India"
Krossark Consulting Services Pvt. Ltd,Oracle EBS Procurement developer,https://www.linkedin.com/jobs/view/3554956344/,"Tamil Nadu, India"
Delphic,Dotnet Developer - Contract,https://www.linkedin.com/jobs/view/3558237988/,India
Delphic,Dot Net Developer - contractual Job,https://www.linkedin.com/jobs/view/3557883449/,India
Stalwart Themius,Dynamics 365 CRM Developer,https://www.linkedin.com/jobs/view/3558234413/,India
Zephyrus Inc.,Senior Salesforce Developer,https://www.linkedin.com/jobs/view/3558242206/,India
IQMatrix Infoways Solutions Pvt Ltd,.NET Developer,https://www.linkedin.com/jobs/view/3554275723/,"Kerala, India"
EPAM Systems,Lead Software Engineer React.Js,https://www.linkedin.com/jobs/view/3558270720/,"Bengaluru, Karnataka, India"
EPAM Systems,Lead Software Engineer React.Js,https://www.linkedin.com/jobs/view/3558265817/,"Hyderabad, Telangana, India"
Studoyo,Full Stack Developer,https://www.linkedin.com/jobs/view/3505638218/,"New Delhi, Delhi, India"
EPAM Systems,Lead Software Engineer React. Native,https://www.linkedin.com/jobs/view/3558272144/,"Gurugram, Haryana, India"
EPAM Systems,Lead Software Engineer - Java & ReactJS,https://www.linkedin.com/jobs/view/3558271497/,"Hyderabad, Telangana, India"
Auxwall IT Company,Full Stack Engineer,https://www.linkedin.com/jobs/view/3558746909/,"Kerala, India"
EPAM Systems,Big Data & GCP- Senior Software Engineer,https://www.linkedin.com/jobs/view/3558269865/,"Pune, Maharashtra, India"
EPAM Systems,"Senior Software Engineer (Java, Angular)",https://www.linkedin.com/jobs/view/3558270852/,"Bengaluru, Karnataka, India"
EPAM Systems,"Senior Software Engineer (Java, Angular)",https://www.linkedin.com/jobs/view/3558266892/,"Hyderabad, Telangana, India"
EPAM Systems,Big Data & GCP- Senior Software Engineer,https://www.linkedin.com/jobs/view/3558272041/,"Gurugram, Haryana, India"
EPAM Systems,Lead Software Engineer (Big Data & GCP),https://www.linkedin.com/jobs/view/3558277678/,"Chennai, Tamil Nadu, India"
EPAM Systems,Senior Automation Test Engineer Javascript,https://www.linkedin.com/jobs/view/3558274738/,"Chennai, Tamil Nadu, India"
EPAM Systems,Senior Software Engineer Angular,https://www.linkedin.com/jobs/view/3558273724/,"Pune, Maharashtra, India"
EPAM Systems,Lead Software Engineer (Big Data & GCP),https://www.linkedin.com/jobs/view/3558272899/,"Gurugram, Haryana, India"
EPAM Systems,Senior Automation Test Engineer Javascript,https://www.linkedin.com/jobs/view/3558277725/,"Gurugram, Haryana, India"
EPAM Systems,Big Data Solution Architect,https://www.linkedin.com/jobs/view/3558269925/,"Chennai, Tamil Nadu, India"
Tachyon Technologies,Mobile automation Engineer,https://www.linkedin.com/jobs/view/3554226533/,India
a2z YOUTHSOLUTION,Sitecore Developer,https://www.linkedin.com/jobs/view/3562042680/,"Pune, Maharashtra, India"
EPAM Systems,Solution Architect (.Net Core + Cloud),https://www.linkedin.com/jobs/view/3558268746/,"Hyderabad, Telangana, India"
Coding As Creating,Wordpress Developer - Part Time,https://www.linkedin.com/jobs/view/3562724822/,India
The Knowledge Academy,Moodle Developer,https://www.linkedin.com/jobs/view/3554276460/,India
EPAM Systems,Senior Salesforce Commerce Cloud (B2B-Lightning) Developer,https://www.linkedin.com/jobs/view/3558266684/,"Gurugram, Haryana, India"
EPAM Systems,Senior Software Engineer (.Net Full Stack and Angular/React),https://www.linkedin.com/jobs/view/3558271411/,"Hyderabad, Telangana, India"
EPAM Systems,Senior Software Engineer (.Net Full Stack and Angular/React),https://www.linkedin.com/jobs/view/3558278190/,"Gurugram, Haryana, India"
EPAM Systems,Lead Software Engineer (.Net Full Stack and Azure/AWS),https://www.linkedin.com/jobs/view/3558269894/,"Chennai, Tamil Nadu, India"
CyCity International Private Limited,PHP -Laravel Developer,https://www.linkedin.com/jobs/view/3530404758/,India
EPAM Systems,Lead Software Engineer (.Net Core and Azure/AWS),https://www.linkedin.com/jobs/view/3558264910/,"Bengaluru, Karnataka, India"
EPAM Systems,Lead Software Engineer (.Net Full Stack and Azure/AWS),https://www.linkedin.com/jobs/view/3558266856/,"Pune, Maharashtra, India"
EPAM Systems,Lead Software Engineer (.Net Full Stack and Azure/AWS),https://www.linkedin.com/jobs/view/3558268896/,"Gurugram, Haryana, India"
Solace Infotech Private Limited,Junior Flutter Developer,https://www.linkedin.com/jobs/view/3557580437/,"Maharashtra, India"
Vivid Edge Corp,Salesforce Developer 10+yrs (Functional role),https://www.linkedin.com/jobs/view/3554948329/,India
Freelance,Professional Freelancer,https://www.linkedin.com/jobs/view/3558753656/,India
Inventiondm,Digital Marketing Specialist,https://www.linkedin.com/jobs/view/3558723071/,India
Zemoso Technologies,Java Full Stack Engineer,https://www.linkedin.com/jobs/view/3558241376/,India
Iranshi Technology LLP,Digital Marketing Executive Cum Graphic Designer (Work from Home) (Flexible Shift-WFH)- Freelancer-On Commission Basis (Agencies can also apply),https://www.linkedin.com/jobs/view/3558720482/,India
Programmers.io,AS400-RPGLE Developer,https://www.linkedin.com/jobs/view/3543240896/,India
Zecruiters Jobconnect Pvt Ltd,ASP.NET Developer with DNN Framework,https://www.linkedin.com/jobs/view/3558242397/,"Surat, Gujarat, India"
Delphic,Dot Net Developer - contractual Job,https://www.linkedin.com/jobs/view/3557883449/,India
Deel,Quality Assurance Engineer,https://www.linkedin.com/jobs/view/3562728730/,India
Tito Softwares,Intern,https://www.linkedin.com/jobs/view/3558752815/,"Jaipur, Rajasthan, India"
EPAM Systems,"Senior Software Engineer- Java, AWS,Microservices",https://www.linkedin.com/jobs/view/3558266673/,"Pune, Maharashtra, India"
EPAM Systems,"Senior Software Engineer- Java, AWS,Microservices",https://www.linkedin.com/jobs/view/3558270628/,"Bengaluru, Karnataka, India"
EPAM Systems,"Senior Software Engineer (Java, Angular)",https://www.linkedin.com/jobs/view/3558265946/,"Pune, Maharashtra, India"
EPAM Systems,Lead Software Engineer React.Js,https://www.linkedin.com/jobs/view/3558270720/,"Bengaluru, Karnataka, India"
Auxwall IT Company,Full Stack Engineer,https://www.linkedin.com/jobs/view/3558746909/,"Kerala, India"
EPAM Systems,Cloud Technology Consultant (Azure/AWS/GCP),https://www.linkedin.com/jobs/view/3558266885/,"Pune, Maharashtra, India"
EPAM Systems,Senior Software Engineer Angular,https://www.linkedin.com/jobs/view/3558273724/,"Pune, Maharashtra, India"
EPAM Systems,Senior System Architect Cloud Azure,https://www.linkedin.com/jobs/view/3558266789/,"Pune, Maharashtra, India"
EPAM Systems,"Senior Software Engineer (Java, Angular)",https://www.linkedin.com/jobs/view/3558270852/,"Bengaluru, Karnataka, India"
EPAM Systems,Lead Software Engineer React. Native,https://www.linkedin.com/jobs/view/3558272144/,"Gurugram, Haryana, India"
EPAM Systems,Project Manager Technical,https://www.linkedin.com/jobs/view/3558276713/,"Hyderabad, Telangana, India"
EPAM Systems,"Senior Software Engineer- Java, AWS,Microservices",https://www.linkedin.com/jobs/view/3558267675/,"Hyderabad, Telangana, India"
EPAM Systems,"Lead Software Engineer -Java8, SpringBoot, Microservices",https://www.linkedin.com/jobs/view/3558266962/,"Hyderabad, Telangana, India"
EPAM Systems,Lead Software Engineer React. Native,https://www.linkedin.com/jobs/view/3558268992/,"Hyderabad, Telangana, India"
EPAM Systems,Big Data Solution Architect,https://www.linkedin.com/jobs/view/3558272101/,"Pune, Maharashtra, India"
EPAM Systems,Senior Technical Project Manager,https://www.linkedin.com/jobs/view/3558275717/,"Bengaluru, Karnataka, India"
EPAM Systems,Solution Architect (.Net Core + Cloud),https://www.linkedin.com/jobs/view/3558266714/,"Pune, Maharashtra, India"
EPAM Systems,Lead Software Engineer (Big Data & GCP),https://www.linkedin.com/jobs/view/3558274701/,"Pune, Maharashtra, India"
EPAM Systems,Lead Software Engineer React. Native,https://www.linkedin.com/jobs/view/3558271145/,"Pune, Maharashtra, India"
EPAM Systems,Lead Software Engineer (Big Data and Azure),https://www.linkedin.com/jobs/view/3558266732/,"Bengaluru, Karnataka, India"
EPAM Systems,Big Data and Azure- Senior Software Engineer,https://www.linkedin.com/jobs/view/3558275370/,"Pune, Maharashtra, India"
EPAM Systems,Senior Engineer Automation Testing Python,https://www.linkedin.com/jobs/view/3558273940/,"Hyderabad, Telangana, India"
EPAM Systems,Senior Automation Test Engineer Javascript,https://www.linkedin.com/jobs/view/3558273731/,"Bengaluru, Karnataka, India"
EPAM Systems,Big Data & GCP- Senior Software Engineer,https://www.linkedin.com/jobs/view/3558272041/,"Gurugram, Haryana, India"
EPAM Systems,Senior Automation Test Engineer Javascript,https://www.linkedin.com/jobs/view/3558274742/,"Pune, Maharashtra, India"
s7works,Backend Developer,https://www.linkedin.com/jobs/view/3424726561/,"Hyderabad, Telangana, India"
EPAM Systems,Lead Software Engineer (Big Data and Azure),https://www.linkedin.com/jobs/view/3558266733/,"Gurugram, Haryana, India"
Episeio Business Solutions,Technology Lead,https://www.linkedin.com/jobs/view/3558253673/,"New Delhi, Delhi, India"
Infosys,Golang Developer,https://www.linkedin.com/jobs/view/3561684267/,India
EPAM Systems,Senior .Net Automation Test Engineer,https://www.linkedin.com/jobs/view/3558273274/,"Chennai, Tamil Nadu, India"
EPAM Systems,Big Data Solution Architect,https://www.linkedin.com/jobs/view/3558269925/,"Chennai, Tamil Nadu, India"
EPAM Systems,Lead Software Engineer (Big Data & GCP),https://www.linkedin.com/jobs/view/3558272899/,"Gurugram, Haryana, India"
EPAM Systems,Senior .Net Automation Test Engineer,https://www.linkedin.com/jobs/view/3558271424/,"Pune, Maharashtra, India"
EPAM Systems,Senior Cloud Azure System Architect,https://www.linkedin.com/jobs/view/3558270669/,"Gurugram, Haryana, India"
ConnectIN Jobs Global,Senior Vaadin / Java Developers - Immediate Joiners,https://www.linkedin.com/jobs/view/3554276487/,"Kochi, Kerala, India"
EPAM Systems,Big Data Solution Architect,https://www.linkedin.com/jobs/view/3558268934/,"Hyderabad, Telangana, India"
EPAM Systems,Lead .Net Automation Test Engineer,https://www.linkedin.com/jobs/view/3558274387/,"Pune, Maharashtra, India"
EPAM Systems,Lead Cloud Azure System Engineer,https://www.linkedin.com/jobs/view/3558277295/,"Hyderabad, Telangana, India"
EPAM Systems,Big Data and Azure- Senior Software Engineer,https://www.linkedin.com/jobs/view/3558278329/,"Gurugram, Haryana, India"
EPAM Systems,Senior System Architect Cloud Azure,https://www.linkedin.com/jobs/view/3558265916/,"Gurugram, Haryana, India"
Coach Automatic,Software Consultant,https://www.linkedin.com/jobs/view/3558755338/,India
EPAM Systems,Lead Cloud Azure System Engineer,https://www.linkedin.com/jobs/view/3558276322/,"Bengaluru, Karnataka, India"
Caarya,Android Developer,https://www.linkedin.com/jobs/view/3556494935/,"Hyderabad, Telangana, India"
EPAM Systems,Senior Cloud Azure Systems Engineer,https://www.linkedin.com/jobs/view/3558263943/,"Bengaluru, Karnataka, India"
EPAM Systems,Senior Cloud Azure System Engineer,https://www.linkedin.com/jobs/view/3558277328/,"Hyderabad, Telangana, India"
EPAM Systems,Senior Cloud Azure System Engineer,https://www.linkedin.com/jobs/view/3558276353/,"Chennai, Tamil Nadu, India"
EPAM Systems,Senior Software Engineer (.Net Full Stack and Angular/React),https://www.linkedin.com/jobs/view/3558276256/,"Bengaluru, Karnataka, India"
CyCity International Private Limited,PHP -Laravel Developer,https://www.linkedin.com/jobs/view/3530404758/,India
EpitronX,LavView Developer,https://www.linkedin.com/jobs/view/3554276524/,"Bengaluru, Karnataka, India"
EPAM Systems,Senior Cloud Azure Systems Engineer,https://www.linkedin.com/jobs/view/3558269744/,"Hyderabad, Telangana, India"
EPAM Systems,Senior Cloud Azure Systems Engineer,https://www.linkedin.com/jobs/view/3558265776/,"Gurugram, Haryana, India"
insightsoftware,Infrastructure Engineer,https://www.linkedin.com/jobs/view/3498247184/,"Hyderabad, Telangana, India"
Hidden Brains InfoTech Pvt. Ltd.,Unity Developer,https://www.linkedin.com/jobs/view/3558245958/,India
EPAM Systems,Senior Software Engineer (.Net Full Stack and Azure/AWS),https://www.linkedin.com/jobs/view/3558278293/,"Bengaluru, Karnataka, India"
EPAM Systems,Lead Software Engineer (.Net Full Stack and Azure/AWS),https://www.linkedin.com/jobs/view/3558265920/,"Bengaluru, Karnataka, India"
EPAM Systems,Senior Software Engineer (.Net Full Stack and Azure/AWS),https://www.linkedin.com/jobs/view/3558274355/,"Chennai, Tamil Nadu, India"
EPAM Systems,Salesforce Marketing Cloud (SFMC) Solution Architect,https://www.linkedin.com/jobs/view/3558268711/,"Pune, Maharashtra, India"
CLIQHR Recruitment Services,MLTechLead/Machine Learning Team Lead/contract8+ Years,https://www.linkedin.com/jobs/view/3554919718/,India
EPAM Systems,Senior Software Engineer (.Net Full Stack and Azure/AWS),https://www.linkedin.com/jobs/view/3558274354/,"Gurugram, Haryana, India"
EPAM Systems,Senior Software Engineer (.Net Core and Azure/AWS),https://www.linkedin.com/jobs/view/3558269884/,"Chennai, Tamil Nadu, India"
EPAM Systems,Salesforce Marketing Cloud (SFMC) Solution Architect,https://www.linkedin.com/jobs/view/3558263892/,"Chennai, Tamil Nadu, India"
Programmers.io,Senior SQL Developers,https://www.linkedin.com/jobs/view/3554277968/,"Jaipur, Rajasthan, India"
EPAM Systems,Salesforce Solution Architect Commerce Cloud (B2B- Lightning),https://www.linkedin.com/jobs/view/3558267885/,"Hyderabad, Telangana, India"
EPAM Systems,Salesforce Solution Architect Commerce Cloud -B2C-Demandware,https://www.linkedin.com/jobs/view/3558277307/,"Hyderabad, Telangana, India"
EPAM Systems,Salesforce Solution Architect Commerce Cloud (B2B- Lightning),https://www.linkedin.com/jobs/view/3558266873/,"Bengaluru, Karnataka, India"
EPAM Systems,Salesforce Software Engineer (Conga CLM),https://www.linkedin.com/jobs/view/3558270704/,"Gurugram, Haryana, India"
Apex Semiconductor,Principal DFT Engineer,https://www.linkedin.com/jobs/view/3553361813/,India
Solace Infotech Private Limited,Junior Flutter Developer,https://www.linkedin.com/jobs/view/3557580437/,"Maharashtra, India"
EPAM Systems,Salesforce Senior Engineer (Vlocity),https://www.linkedin.com/jobs/view/3558270609/,"Chennai, Tamil Nadu, India"
Mulya Technologies,Senior Staff RTL Design Engineer:,https://www.linkedin.com/jobs/view/3553241585/,India
EPAM Anywhere,Senior Security Developer,https://www.linkedin.com/jobs/view/3494489868/,India
EPAM Systems,Salesforce Senior Engineer (Vlocity),https://www.linkedin.com/jobs/view/3558268682/,"Bengaluru, Karnataka, India"
3Minds e-Solutions Pvt Ltd,Lead Dot Net Full Stack,https://www.linkedin.com/jobs/view/3558252361/,India
Tata Consultancy Services,SAP PIPO,https://www.linkedin.com/jobs/view/3554284513/,India
EPAM Systems,Salesforce Senior Engineer (Vlocity),https://www.linkedin.com/jobs/view/3558263874/,"Hyderabad, Telangana, India"
Teckraft Infosolutions Pvt Ltd,Syncfusion Consultant,https://www.linkedin.com/jobs/view/3558248008/,India
Fidelis Technology Services Pvt Ltd,Senior Dotnet Developer,https://www.linkedin.com/jobs/view/3554290909/,India
Kanmalai Technologies Pvt Ltd,SAP Ariba Consultant,https://www.linkedin.com/jobs/view/3554286167/,India
OptimHire,Angular Developer,https://www.linkedin.com/jobs/view/3558231044/,India
VSD Technologies Pvt. Ltd. - SAP Silver Partner,SAP BTP backend developer,https://www.linkedin.com/jobs/view/3554280657/,"Bengaluru, Karnataka, India"
Apidel Technologies,Mern stack lead,https://www.linkedin.com/jobs/view/3558235292/,India
SREYO,Sr. ServiceNow Developer (Application Developer) - Contract job - Need Candidates ONLY from India,https://www.linkedin.com/jobs/view/3561619006/,"Thiruvananthapuram, Kerala, India"
Saket kumar,Need android developer with good experience in jetpack compose,https://www.linkedin.com/jobs/view/3558253202/,India
EITACIES INC,Informatica MDM Developer,https://www.linkedin.com/jobs/view/3554227619/,India
Escalent,Senior Quantitative Researcher,https://www.linkedin.com/jobs/view/3507630975/,India
Java R&D Pvt. Ltd.,Marketing Executive - Bench Sales recruiter,https://www.linkedin.com/jobs/view/3554299443/,India
Escalent,Senior Quantitative Researcher,https://www.linkedin.com/jobs/view/3507635429/,India
Delphic,Dotnet Developer - Contract,https://www.linkedin.com/jobs/view/3558237988/,India
Zecruiters Jobconnect Pvt Ltd,ASP.NET Developer with DNN Framework,https://www.linkedin.com/jobs/view/3558242397/,"Surat, Gujarat, India"
Tech9,Mid Software Engineer (Python),https://www.linkedin.com/jobs/view/3567596256/,"Pune, Maharashtra, India"
1840 & Company,Devops Engineer- India,https://www.linkedin.com/jobs/view/3567111568/,"Bengaluru, Karnataka, India"
TekWissen Â®,Python Developer,https://www.linkedin.com/jobs/view/3561456458/,India
LOGICPLANET IT SERVICES (INDIA) PRIVATE LIMITED,Software Engineer,https://www.linkedin.com/jobs/view/3563842647/,India
Blu Ocean Innovations pvt ltd,Data Analyst Intern,https://www.linkedin.com/jobs/view/3563881306/,India
MAYA,Software Engineering Intern,https://www.linkedin.com/jobs/view/3560261491/,"Bengaluru, Karnataka, India"
LanceSoft Europe,Python Developer,https://www.linkedin.com/jobs/view/3561481650/,India
Prama,Full Stack Engineer,https://www.linkedin.com/jobs/view/3563839094/,"Ahmedabad, Gujarat, India"
webdew,Frontend Developer,https://www.linkedin.com/jobs/view/3567843682/,India
TwiLearn,Web Development Intern,https://www.linkedin.com/jobs/view/3561483058/,India
Axelerant,PHP/Symfony Engineer REMOTE,https://www.linkedin.com/jobs/view/3567389513/,India
Gropare,Cloud computing Internship,https://www.linkedin.com/jobs/view/3563867942/,India
Digital mestige,Software Engineer,https://www.linkedin.com/jobs/view/3563849790/,India
Braintrust,Fullstack Engineer (Part-time) [Remote],https://www.linkedin.com/jobs/view/3566291894/,"Pune, Maharashtra, India"
Braintrust,Fullstack Engineer (Part-time) [Remote],https://www.linkedin.com/jobs/view/3566290869/,"Delhi Cantonment, Delhi, India"
Braintrust,Fullstack Engineer (Part-time) [Remote],https://www.linkedin.com/jobs/view/3566292815/,"Mumbai, Maharashtra, India"
Xforia Technology Solutions and Services,ADAS Engineer,https://www.linkedin.com/jobs/view/3561447413/,India
Braintrust,Fullstack Engineer (Part-time) [Remote],https://www.linkedin.com/jobs/view/3566290868/,Greater Kolkata Area
eJAmerica,Python Developer,https://www.linkedin.com/jobs/view/3567641630/,India
eJAmerica,Python Developer,https://www.linkedin.com/jobs/view/3561450170/,India
BizSol Technologies (P) Ltd.,Umbraco Developer,https://www.linkedin.com/jobs/view/3555137290/,India
ClockHash Technologies,Java Software Engineer,https://www.linkedin.com/jobs/view/3563855078/,"Kerala, India"
TekWissen Â®,Java Software Engineer,https://www.linkedin.com/jobs/view/3561460935/,"Pune, Maharashtra, India"
Vsecure Technologies LLC,Java Developer,https://www.linkedin.com/jobs/view/3564307724/,India
Avestan Technologies LLC,Java Developer (4+Years),https://www.linkedin.com/jobs/view/3561444800/,India
Mashreq,Manager Technology (Full Stack),https://www.linkedin.com/jobs/view/3563876141/,India
Aditi India,Java Backend Developer,https://www.linkedin.com/jobs/view/3560217001/,India
ZENFINET,Java Software Engineer,https://www.linkedin.com/jobs/view/3563857465/,"Pune, Maharashtra, India"
Modern Ballistic Solutions Pvt. Ltd.,"Hiring Java Developer | Bangalore,Mumbai,Chennai Locations - 3+ Years exp",https://www.linkedin.com/jobs/view/3563863771/,India
Infomerica,Java Software Engineer,https://www.linkedin.com/jobs/view/3563889436/,"Pune, Maharashtra, India"
EnFuse Solutions,AEM Developer,https://www.linkedin.com/jobs/view/3562608303/,India
IGT Solutions,Immediate Joiner || Java Developer (Azure),https://www.linkedin.com/jobs/view/3563847412/,"Gurugram, Haryana, India"
Mobile Programming LLC,JAVA Backend Developer ( 4-5 yrs),https://www.linkedin.com/jobs/view/3563839642/,India
OptimHire,Software Engineer,https://www.linkedin.com/jobs/view/3561484824/,India
PROV HR Solutions Private Limited,Full Stack Java Developer,https://www.linkedin.com/jobs/view/3560207275/,"Tamil Nadu, India"
Smart Source,Front End Developer[Angular] - C2H Client is fine with Moonlighting. You Can apply[Working shift timing: 11:00am to 8:00pm],https://www.linkedin.com/jobs/view/3563873993/,India
GPS Marketing INC,Principal Engineer client success,https://www.linkedin.com/jobs/view/3563415657/,India
G2 TechSoft,Java Fullstack developer,https://www.linkedin.com/jobs/view/3561437706/,"Tamil Nadu, India"
Live Connections,FileNet Developer,https://www.linkedin.com/jobs/view/3560269108/,"Hyderabad, Telangana, India"
Tech9,Mid Software Engineer (Python),https://www.linkedin.com/jobs/view/3567596256/,"Pune, Maharashtra, India"
Braintrust,Fullstack Engineer (Part-time) [Remote],https://www.linkedin.com/jobs/view/3566290869/,"Delhi Cantonment, Delhi, India"
Braintrust,Fullstack Engineer (Part-time) [Remote],https://www.linkedin.com/jobs/view/3566290868/,Greater Kolkata Area
iTroSys,Backend Developer,https://www.linkedin.com/jobs/view/3561423744/,India
Braintrust,Fullstack Engineer (Part-time) [Remote],https://www.linkedin.com/jobs/view/3566291893/,"Bengaluru, Karnataka, India"
Braintrust,Fullstack Engineer (Part-time) [Remote],https://www.linkedin.com/jobs/view/3566291894/,"Pune, Maharashtra, India"
Cyber Sapient,Performance Tester,https://www.linkedin.com/jobs/view/3563855204/,"Trivandrum, Kerala, India"
EnFuse Solutions,AEM Developer,https://www.linkedin.com/jobs/view/3562608303/,India
EdYoda (zekeLabs Technologies Pvt. Ltd.),"Part time Instructor For Fullstack - React.JS, Node.JS, MongoDB",https://www.linkedin.com/jobs/view/3561449717/,India
ICAV Tech,AWS Cloud Certified Software Architect,https://www.linkedin.com/jobs/view/3560235101/,India
Mobile Programming LLC,JAVA Backend Developer ( 4-5 yrs),https://www.linkedin.com/jobs/view/3563839642/,India
Temp-Let HR Consulting,"Tactical Intelligence Analyst - with background in International Relations, Political Science, Area/Defense Studies)",https://www.linkedin.com/jobs/view/3564335394/,India
Avestan Technologies LLC,Java Software Engineer,https://www.linkedin.com/jobs/view/3564331368/,India
Wipro,Data Analyst,https://www.linkedin.com/jobs/view/3561481044/,India
