Infosys,Java Software Engineer,https://www.linkedin.com/jobs/view/3561666427/,India
eJAmerica,Database Engineer,https://www.linkedin.com/jobs/view/3561517481/,India
Infosys,Lead Java Developer,https://www.linkedin.com/jobs/view/3561697792/,India
Infosys,Java Software Engineer,https://www.linkedin.com/jobs/view/3561759249/,India
Everi Holdings Inc.,Java Developer,https://www.linkedin.com/jobs/view/3560721319/,India
Programmers.io,Java Developer,https://www.linkedin.com/jobs/view/3552921789/,"Pune, Maharashtra, India"
mPHATEK Systems,Java Architect,https://www.linkedin.com/jobs/view/3557569510/,"Pune, Maharashtra, India"
"Omniskope, Inc",Web Developer,https://www.linkedin.com/jobs/view/3552954103/,"Hyderabad, Telangana, India"
Programmers.io,Java Full stack Developer,https://www.linkedin.com/jobs/view/3552928950/,"Jaipur, Rajasthan, India"
Programmers.io,Java Full Stack Developer,https://www.linkedin.com/jobs/view/3552925806/,"Pune, Maharashtra, India"
Birdeye,Senior Java Developer,https://www.linkedin.com/jobs/view/3418560067/,"Gurugram, Haryana, India"
MyHashCode,Java Software Engineer,https://www.linkedin.com/jobs/view/3516250283/,India
Copperchips,Java Web Developer,https://www.linkedin.com/jobs/view/3558243205/,"Noida, Uttar Pradesh, India"
OptimHire,Platform Engineer,https://www.linkedin.com/jobs/view/3554280818/,India
OptimHire,Senior Platform Engineer,https://www.linkedin.com/jobs/view/3557895871/,"Hyderabad, Telangana, India"
"Samiti Technology, Inc.",Sr. Algo trading developer,https://www.linkedin.com/jobs/view/3552973474/,India
Alep Digital,French MS365 Support,https://www.linkedin.com/jobs/view/3557882665/,India
Crossover,"Principal Software Engineer, Trilogy (Remote) - $100,000/year USD",https://www.linkedin.com/jobs/view/3554774549/,"Jaipur, Rajasthan, India"
Crossover,"Software Engineer, Totogi (Remote) - $60,000/year USD",https://www.linkedin.com/jobs/view/3554777344/,"Lahore, Punjab, Pakistan"
