Sonatafy Technology | Nearshore Software Development,Full Stack Engineer,https://www.linkedin.com/jobs/view/3548447279/,Latin America
Hyqoo,Avaya IVR Developer,https://www.linkedin.com/jobs/view/3550370414/,Latin America
IsoTalent,Sr Software Engineer,https://www.linkedin.com/jobs/view/3550200094/,Latin America
Avenue Code,Ruby on Rails Developer,https://www.linkedin.com/jobs/view/3522322035/,Latin America
InteliX Systems,Full Stack Application Development - UI Developer (100% remote),https://www.linkedin.com/jobs/view/3551762400/,United States
Foodics,Director of Engineering,https://www.linkedin.com/jobs/view/3552270612/,EMEA
Zonamerica,Senior Full Stack Developer,https://www.linkedin.com/jobs/view/3548409764/,Latin America
SystemVan,Desarrollador GCP,https://www.linkedin.com/jobs/view/3555587190/,Latin America
SmartRecruting Consulting,SDET/Senior QA Automation Engineer,https://www.linkedin.com/jobs/view/3554738283/,Latin America
SoftStandard Solutions,Kafka (Developer/Admin) SME,https://www.linkedin.com/jobs/view/3550748316/,Australia and New Zealand
Codurance,Software Engineer - Data Science,https://www.linkedin.com/jobs/view/3558924287/,"Barcelona, Catalonia, Spain"
phData,Senior Data Engineer,https://www.linkedin.com/jobs/view/3552264336/,Latin America
WRS Health,Backend Developer,https://www.linkedin.com/jobs/view/3549671658/,"Nairobi, Nairobi County, Kenya"
SciShield,Front-End Web Application Engineer,https://www.linkedin.com/jobs/view/3551267607/,"Boston, MA"
Cyberjin,Software Engineer (Full-Stack),https://www.linkedin.com/jobs/view/3551266666/,"San Francisco, CA"
VentureDive,Software Engineer - Web,https://www.linkedin.com/jobs/view/3559033337/,Pakistan
TMS,"Java Backend Developer - Alpharetta, GA (Hybrid) - 12+ Months",https://www.linkedin.com/jobs/view/3552451039/,"Alpharetta, GA"
Truvity,Remote Backend Engineer (Go),https://www.linkedin.com/jobs/view/3552404264/,"Ottawa, ON"
Zenex Partners,Backend Software Engineer,https://www.linkedin.com/jobs/view/3549928766/,"New York, NY"
Salla E-Commerce Platform,Senior Backend Engineer - Laravel,https://www.linkedin.com/jobs/view/3554500020/,"Mecca, Makkah, Saudi Arabia"
Software Technology Inc.,Backend Engineer || Remote || Only PST time zones,https://www.linkedin.com/jobs/view/3550796074/,United States
Momento USA LLC,sr. Full Stack Developer and react and node,https://www.linkedin.com/jobs/view/3552866656/,United States
ABOUT YOU,Backend PHP Developer (m/f/d) - onsite or remote within the EU,https://www.linkedin.com/jobs/view/3554072343/,"Hamburg, Hamburg, Germany"
Truvity,Remote Backend Engineer (Go),https://www.linkedin.com/jobs/view/3552402609/,"Warsaw, Mazowieckie, Poland"
Filta.,Full Stack Developer (Node.js & Vue.js) – Work from Home – Dayshift,https://www.linkedin.com/jobs/view/3547831852/,"Manila, National Capital Region, Philippines"
Busbud,Software Developer - Platform,https://www.linkedin.com/jobs/view/3548900996/,"Montreal, QC"
Truvity,Remote Backend Engineer (Go),https://www.linkedin.com/jobs/view/3552404268/,"Ljubljana, Ljubljana, Slovenia"
Software Technology Inc.,Python AWS Developer,https://www.linkedin.com/jobs/view/3555235243/,United States
Amtex Systems Inc.,C++ Quantitative Developer with Python || 100% Remote,https://www.linkedin.com/jobs/view/3555226842/,United States
WRS Health,Backend Developer,https://www.linkedin.com/jobs/view/3549667520/,Costa Rica
Truvity,Remote Backend Engineer (Go),https://www.linkedin.com/jobs/view/3552401794/,"Riga, Riga, Latvia"
Truvity,Remote Backend Engineer (Go),https://www.linkedin.com/jobs/view/3552401797/,"Bucharest, Bucharest, Romania"
Avenue Code,Technical Lead,https://www.linkedin.com/jobs/view/3526201814/,Latin America
Truvity,Remote Backend Engineer (Go),https://www.linkedin.com/jobs/view/3552406131/,"Barcelona, Catalonia, Spain"
Truvity,Remote Backend Engineer (Go),https://www.linkedin.com/jobs/view/3552400873/,"Paris, Île-de-France, France"
Truvity,Remote Backend Engineer (Go),https://www.linkedin.com/jobs/view/3552404263/,"Budapest, Budapest, Hungary"
Truvity,Remote Backend Engineer (Go),https://www.linkedin.com/jobs/view/3552402606/,"Athens, Attiki, Greece"
Truvity,Remote Backend Engineer (Go),https://www.linkedin.com/jobs/view/3552403335/,"Sofia, Sofia City, Bulgaria"
Truvity,Remote Backend Engineer (Go),https://www.linkedin.com/jobs/view/3552404265/,"Tallinn, Harjumaa, Estonia"
Truvity,Remote Backend Engineer (Go),https://www.linkedin.com/jobs/view/3552404270/,"Mexico City, Mexico"
Truvity,Remote Backend Engineer (Go),https://www.linkedin.com/jobs/view/3552401792/,"Nicosia, Nicosia, Cyprus"
Truvity,Remote Backend Engineer (Go),https://www.linkedin.com/jobs/view/3552406132/,"Buenos Aires, Buenos Aires Province, Argentina"
Truvity,Remote Backend Engineer (Go),https://www.linkedin.com/jobs/view/3552401796/,"Bratislava, Bratislava, Slovakia"
Eightfold,Backend Software Engineer,https://www.linkedin.com/jobs/view/3559872065/,India
Truvity,Remote Backend Engineer (Go),https://www.linkedin.com/jobs/view/3552404267/,"Belgrade, Serbia"
Truvity,Remote Backend Engineer (Go),https://www.linkedin.com/jobs/view/3552299919/,"Valletta, Malta"
Truvity,Remote Backend Engineer (Go),https://www.linkedin.com/jobs/view/3552299917/,Lima Metropolitan Area
Truvity,Remote Backend Engineer (Go),https://www.linkedin.com/jobs/view/3552402603/,"Lisboa, Lisbon, Portugal"
Software Technology Inc.,Python AWS developer,https://www.linkedin.com/jobs/view/3555236128/,"Irving, TX"
Borg Collective GmbH,Senior Backend Engineer (Remote),https://www.linkedin.com/jobs/view/3556630386/,"Berlin, Berlin, Germany"
Tymit,Senior Platform Engineer - Fintech - Remote UK,https://www.linkedin.com/jobs/view/3549003096/,"London, England, United Kingdom"
Henry Schein One,Sr Software Engineer (Frontend),https://www.linkedin.com/jobs/view/3551267354/,"American Fork, UT"
Tymit,Senior Software Engineer - Fintech - Remote UK,https://www.linkedin.com/jobs/view/3549000375/,"London, England, United Kingdom"
powertalent,Automatic Backend Testing Engineer,https://www.linkedin.com/jobs/view/3556938620/,"Lisboa, Lisbon, Portugal"
Stellar Professionals,Remote Java Backend Developer-Local to Virginia,https://www.linkedin.com/jobs/view/3549579579/,United States
techjays,JAVA Backend Developer,https://www.linkedin.com/jobs/view/3550272687/,"Kerala, India"
Software Technology Inc.,Sr. UI Developer,https://www.linkedin.com/jobs/view/3552270501/,United States
Career Shepherd,12376602190 - Web Developer,https://www.linkedin.com/jobs/view/3558915607/,"Manila, National Capital Region, Philippines"
Alina Softwares LLP,Back End Developer,https://www.linkedin.com/jobs/view/3499645417/,India
Opendoor,Staff Software Engineer,https://www.linkedin.com/jobs/view/3558442623/,Greater Kolkata Area
CalypsoAI,Snr. Full Stack Engineer (Federal) - AI Start -Up,https://www.linkedin.com/jobs/view/3555596892/,United States
Tazapay,Go Lang developer,https://www.linkedin.com/jobs/view/3552119675/,India
Truvity,Remote Backend Engineer (Go),https://www.linkedin.com/jobs/view/3552299917/,Lima Metropolitan Area
"SourceForce Global, LLC",Azure Architect / Software Technical Lead,https://www.linkedin.com/jobs/view/3555286885/,United States
LetsLance,Application Developer,https://www.linkedin.com/jobs/view/3545759140/,"New Delhi, Delhi, India"
DataCamp,Senior Full Stack Engineer (TypeScript),https://www.linkedin.com/jobs/view/3552093851/,"Porto, Porto, Portugal"
DataCamp,Senior Full Stack Engineer (TypeScript),https://www.linkedin.com/jobs/view/3552091879/,"Barcelona, Catalonia, Spain"
EduBridge Learning Pvt. Ltd.,Technical Trainer-Java full stack,https://www.linkedin.com/jobs/view/3482389540/,India
EnsoData,Information Security Engineer,https://www.linkedin.com/jobs/view/3555946772/,"Madison, WI"
Career Shepherd,11124923434 - Senior Laravel/WordPress/Full-Stack Engineer,https://www.linkedin.com/jobs/view/3550310716/,"Manila, National Capital Region, Philippines"
Zemoso Technologies,Senior Software Engineer,https://www.linkedin.com/jobs/view/3556477810/,India
McFadyen Digital,"Magento Developer (Remote, Brazil)",https://www.linkedin.com/jobs/view/3550774463/,"Florianópolis, Santa Catarina, Brazil"
Busigence,Django + Express,https://www.linkedin.com/jobs/view/3546456808/,"Bengaluru, Karnataka, India"
MetaStudios,Sr Unity Developer,https://www.linkedin.com/jobs/view/3555228912/,India
Permiso Security,Senior backend developer,https://www.linkedin.com/jobs/view/3552159375/,India
Vishnu Roobini Technologies Private Limited,Full Stack Engineer,https://www.linkedin.com/jobs/view/3511536289/,India
Resume Example,Senior BackEnd Developer required,https://www.linkedin.com/jobs/view/3549814323/,"Surat, Gujarat, India"
Replicon,Python Full Stack Technical Architect,https://www.linkedin.com/jobs/view/3549612759/,India
Benta Arabia,Senior Java Software Engineer,https://www.linkedin.com/jobs/view/3559286421/,India
Supersourcing,SAP Backend Developer,https://www.linkedin.com/jobs/view/3551108454/,India
DUTCH0x,Senior Backend Engineer (Remote),https://www.linkedin.com/jobs/view/3555132625/,India
EPAM Anywhere,Lead Java Developer,https://www.linkedin.com/jobs/view/3552219364/,India
SHC Technologies,Full Stack Engineer,https://www.linkedin.com/jobs/view/3550486703/,India
PayrollNinja,Laravel Backend Developer (fulltime remote),https://www.linkedin.com/jobs/view/3538579057/,"Hyderabad, Telangana, India"
Canadian Based Company,Laravel developer,https://www.linkedin.com/jobs/view/3556158238/,India
HomeAbroad Inc.,Senior Full Stack Engineer (ReactJS / Node.js / PHP) [REMOTE],https://www.linkedin.com/jobs/view/3551189435/,India
Coffeee.io,Kotlin Developer | CTC - Upto 50 Lacs | 2+ Years exp.,https://www.linkedin.com/jobs/view/3555150187/,India
MDU SANTISOLUTION PVT LTD,Android Developer Intern,https://www.linkedin.com/jobs/view/3552142130/,India
PizeTech LLP,Dotnet Developer,https://www.linkedin.com/jobs/view/3551691298/,India
Crossover,"Python Developer, Forward Kitchens (Remote) - $60,000/year USD",https://www.linkedin.com/jobs/view/3554772996/,"Hyderabad, Telangana, India"
3GC Group,Sr. WordPress Developer-PH,https://www.linkedin.com/jobs/view/3557429299/,"Manila, National Capital Region, Philippines"
Session AI,Senior Java Backend Developer - Mumbai or Kolkata India,https://www.linkedin.com/jobs/view/3435275499/,"Kolkata, West Bengal, India"
EPAM Anywhere,Senior Quality Engineer,https://www.linkedin.com/jobs/view/3555407344/,India
Crossover,"Python Developer, Forward Kitchens (Remote) - $60,000/year USD",https://www.linkedin.com/jobs/view/3554779184/,"New Delhi, Delhi, India"
Crossover,"Python Developer, Forward Kitchens (Remote) - $60,000/year USD",https://www.linkedin.com/jobs/view/3554777358/,"Mumbai, Maharashtra, India"
Ventuno Technologies (P) Ltd,Senior PHP Developer,https://www.linkedin.com/jobs/view/3552149299/,India
INDI Staffing Services,Work From Home Node Developer,https://www.linkedin.com/jobs/view/3560139973/,"Recife, Pernambuco, Brazil"
Ekodus INC.,SAP Hybris Technical Architect _ Remote,https://www.linkedin.com/jobs/view/3554092588/,United States
McBird Technologies,Full Stack Engineer,https://www.linkedin.com/jobs/view/3552100411/,"Chennai, Tamil Nadu, India"
Crossover,"Principal Software Engineer, Trilogy (Remote) - $100,000/year USD",https://www.linkedin.com/jobs/view/3554775495/,"Indore, Madhya Pradesh, India"
Applaudo,Mendix Developer,https://www.linkedin.com/jobs/view/3556826040/,Greater Hyderabad Area
Applaudo,Mendix Developer,https://www.linkedin.com/jobs/view/3556855573/,"Aurangabad, Maharashtra, India"
EPAM Anywhere,Lead Automation Tester,https://www.linkedin.com/jobs/view/3555402110/,India
Crossover,"Senior Software Engineer, Forward Kitchens (Remote) - $60,000/year USD",https://www.linkedin.com/jobs/view/3554779188/,"Bengaluru, Karnataka, India"
vani.coach,Engineering Lead,https://www.linkedin.com/jobs/view/3500321828/,India
AGIL f(x),Pro Bubble Developers,https://www.linkedin.com/jobs/view/3553987999/,India
INDI Staffing Services,Work From Home Node Developer,https://www.linkedin.com/jobs/view/3560142723/,"Campinas, São Paulo, Brazil"
McBird Technologies,Laravel+ React.js Developer,https://www.linkedin.com/jobs/view/3551675388/,"Noida, Uttar Pradesh, India"
Crossover,"Principal Software Engineer, Trilogy (Remote) - $100,000/year USD",https://www.linkedin.com/jobs/view/3554777166/,Greater Kolkata Area
Crossover,"Principal Software Engineer, Trilogy (Remote) - $100,000/year USD",https://www.linkedin.com/jobs/view/3554778148/,"Mumbai, Maharashtra, India"
Cogent Integrated Business Solutions Inc.,Mobile App Lead with Flutter Developer,https://www.linkedin.com/jobs/view/3552181505/,"Hyderabad, Telangana, India"
Applaudo,Mendix Developer,https://www.linkedin.com/jobs/view/3556855696/,"Bareilly, Uttar Pradesh, India"
Crossover,"Principal Software Engineer, Trilogy (Remote) - $100,000/year USD",https://www.linkedin.com/jobs/view/3554780005/,"Maharashtra, India"
EPAM Anywhere,Senior Automation Tester,https://www.linkedin.com/jobs/view/3555296752/,India
Crossover,"Senior Software Engineer, Trilogy (Remote) - $100,000/year USD",https://www.linkedin.com/jobs/view/3554777515/,"Chennai, Tamil Nadu, India"
Crossover,"Lead Software Engineer, Trilogy (Remote) - $100,000/year USD",https://www.linkedin.com/jobs/view/3554775686/,"Pune, Maharashtra, India"
Crossover,"Lead Software Engineer, Forward Kitchens (Remote) - $100,000/year USD",https://www.linkedin.com/jobs/view/3554776468/,"Hyderabad, Telangana, India"
Crossover,"Lead Software Engineer, Trilogy (Remote) - $100,000/year USD",https://www.linkedin.com/jobs/view/3554779287/,"Pimpri Chinchwad, Maharashtra, India"
Delphic,Sr. Mern Stack Developer,https://www.linkedin.com/jobs/view/3556441935/,India
Crossover,"Principal Software Engineer, Forward Kitchens (Remote) - $100,000/year USD",https://www.linkedin.com/jobs/view/3554775360/,"Mumbai, Maharashtra, India"
Crossover,"Software Architect, Trilogy (Remote) - $100,000/year USD",https://www.linkedin.com/jobs/view/3554776471/,"Chennai, Tamil Nadu, India"
Crossover,"Lead Software Architect, Forward Kitchens (Remote) - $100,000/year USD",https://www.linkedin.com/jobs/view/3554774634/,"Hyderabad, Telangana, India"
Workling,Work From Home Node Engineer,https://www.linkedin.com/jobs/view/3551630367/,"Fortaleza, Ceará, Brazil"
ELife,Techno Manager - Python,https://www.linkedin.com/jobs/view/3555390884/,India
Crossover,"Lead Software Architect, Forward Kitchens (Remote) - $100,000/year USD",https://www.linkedin.com/jobs/view/3554772902/,"Mumbai, Maharashtra, India"
xloop Digital Services (Pvt) Ltd,Principal Software Engineer (Timeline Visualization Developer),https://www.linkedin.com/jobs/view/3547865441/,Pakistan
Crossover,"Lead Software Architect, Forward Kitchens (Remote) - $100,000/year USD",https://www.linkedin.com/jobs/view/3554773614/,"New Delhi, Delhi, India"
SetSchedule,Senior Backend Engineer,https://www.linkedin.com/jobs/view/3548477273/,"Dhaka, Bangladesh"
Crossover,"Senior Principal Engineer, Trilogy (Remote) - $100,000/year USD",https://www.linkedin.com/jobs/view/3554776452/,"New Delhi, Delhi, India"
Employment Hero,Principal Software Engineer,https://www.linkedin.com/jobs/view/3553084744/,Indonesia
Uplers,Fullstack Developer | Full time/permanent | Remote,https://www.linkedin.com/jobs/view/3556056504/,India
McBird Technologies,Full stack ( React.js+Laravel),https://www.linkedin.com/jobs/view/3550254726/,"Maharashtra, India"
Crossover,"Principal Engineer, Trilogy (Remote) - $100,000/year USD",https://www.linkedin.com/jobs/view/3554776453/,"Bengaluru, Karnataka, India"
AppCake,iOS Developer,https://www.linkedin.com/jobs/view/3551687556/,Pakistan
Supersourcing,SAP Architect,https://www.linkedin.com/jobs/view/3551100758/,India
Rey.id,Senior Backend Engineer,https://www.linkedin.com/jobs/view/3552110675/,"Jakarta, Jakarta, Indonesia"
Crossover,"Python Developer, Forward Kitchens (Remote) - $60,000/year USD",https://www.linkedin.com/jobs/view/3554780191/,"Lahore, Punjab, Pakistan"
Mengantar,Lead Web Developer (Full Stack),https://www.linkedin.com/jobs/view/3538572093/,Indonesia
Crossover,"Python Developer, Forward Kitchens (Remote) - $60,000/year USD",https://www.linkedin.com/jobs/view/3554776594/,"Karāchi, Sindh, Pakistan"
Sunbytes,Senior Node.js Developer (Worldwide),https://www.linkedin.com/jobs/view/3550293721/,Indonesia
Crossover,"Lead Software Engineer, Forward Kitchens (Remote) - $100,000/year USD",https://www.linkedin.com/jobs/view/3554777410/,"Karāchi, Sindh, Pakistan"
Crossover,"Technical Team Lead, Forward Kitchens (Remote) - $60,000/year USD",https://www.linkedin.com/jobs/view/3554776456/,"Karāchi, Sindh, Pakistan"
CodeMyMobile,Backend Tech Lead(Remote),https://www.linkedin.com/jobs/view/3550258973/,India
Crossover,"Principal Software Engineer, Trilogy (Remote) - $100,000/year USD",https://www.linkedin.com/jobs/view/3554776355/,"Abu Dhabi, Abu Dhabi Emirate, United Arab Emirates"
Crossover,"Back End Developer, Trilogy (Remote) - $100,000/year USD",https://www.linkedin.com/jobs/view/3554775425/,Jakarta Metropolitan Area
Crossover,"Head of Engineering, Forward Kitchens (Remote) - $100,000/year USD",https://www.linkedin.com/jobs/view/3554778365/,"Karāchi, Sindh, Pakistan"
Crossover,"Senior Software Architect, Trilogy (Remote) - $100,000/year USD",https://www.linkedin.com/jobs/view/3554780045/,Jakarta Metropolitan Area
Digital Room (Philippines) Inc.,Full Stack Developer,https://www.linkedin.com/jobs/view/3549291858/,"Mandaluyong, National Capital Region, Philippines"
Crossover,"Principal Software Engineer, Trilogy (Remote) - $100,000/year USD",https://www.linkedin.com/jobs/view/3554774670/,"Johannesburg, Gauteng, South Africa"
"Metacom Solutions, Inc.",Cloud DevOps,https://www.linkedin.com/jobs/view/3549270692/,"National Capital Region, Philippines"
Crossover,"Technical Team Lead, Forward Kitchens (Remote) - $60,000/year USD",https://www.linkedin.com/jobs/view/3554777597/,"Lagos, Lagos State, Nigeria"
Crossover,"Lead Software Engineer, Trilogy (Remote) - $100,000/year USD",https://www.linkedin.com/jobs/view/3554773734/,"Dubai, Dubai, United Arab Emirates"
Crossover,"Principal Software Engineer, Trilogy (Remote) - $100,000/year USD",https://www.linkedin.com/jobs/view/3554779177/,"Cairo, Cairo, Egypt"
Hopper,"Senior Software Engineer, Mobile Full Stack",https://www.linkedin.com/jobs/view/3426196424/,Brazil
Sinch,Senior Software Engineer - Global Team,https://www.linkedin.com/jobs/view/3550519189/,"São Paulo, São Paulo, Brazil"
Crossover,"Lead Software Engineer, Trilogy (Remote) - $100,000/year USD",https://www.linkedin.com/jobs/view/3554780118/,"Cairo, Cairo, Egypt"
Crossover,"Director of Engineering, Forward Kitchens (Remote) - $100,000/year USD",https://www.linkedin.com/jobs/view/3554776458/,"Rawalpindi, Punjab, Pakistan"
Crossover,"Senior Principal Software Engineer, Trilogy (Remote) - $100,000/year USD",https://www.linkedin.com/jobs/view/3554773823/,"Aswān, Aswan, Egypt"
Crossover,"Lead Software Architect, Forward Kitchens (Remote) - $100,000/year USD",https://www.linkedin.com/jobs/view/3554779306/,"Curitiba, Paraná, Brazil"
Career Shepherd,UI/UX Designer,https://www.linkedin.com/jobs/view/3550639534/,"National Capital Region, Philippines"
Crossover,"Head of Engineering, Forward Kitchens (Remote) - $100,000/year USD",https://www.linkedin.com/jobs/view/3554778463/,"Dubai, Dubai, United Arab Emirates"
Crossover,"Senior Software Engineer, Trilogy (Remote) - $100,000/year USD",https://www.linkedin.com/jobs/view/3554778494/,"Nairobi, Nairobi County, Kenya"
In All Media,Java Tech Lead,https://www.linkedin.com/jobs/view/3560191387/,"Curitiba, Paraná, Brazil"
Crossover,"Principal Software Engineer, Forward Kitchens (Remote) - $100,000/year USD",https://www.linkedin.com/jobs/view/3554777474/,"Lagos, Lagos State, Nigeria"
Crossover,"Python Developer, Forward Kitchens (Remote) - $60,000/year USD",https://www.linkedin.com/jobs/view/3554780190/,"National Capital Region, Philippines"
PackIOT,Backend engineer senior,https://www.linkedin.com/jobs/view/3553591519/,Brazil
Mercafacil,Golang Software Engineer Sênior,https://www.linkedin.com/jobs/view/3554729225/,Greater Curitiba
Blissful IT Solutions & Services,SAP UI5 FIORI Consultant - Immediate Joiners Only,https://www.linkedin.com/jobs/view/3551689295/,India
SetSchedule,Senior Backend Engineer,https://www.linkedin.com/jobs/view/3548469677/,Bangladesh
Crossover,"Senior Principal Software Engineer, Trilogy (Remote) - $100,000/year USD",https://www.linkedin.com/jobs/view/3554778436/,"Ankara, Ankara, Turkey"
Inchcape Digital,Junior Frontend Developer,https://www.linkedin.com/jobs/view/3557420189/,Philippines
Employment Hero,Principal Software Engineer,https://www.linkedin.com/jobs/view/3553081824/,Malaysia
EPAM Anywhere,Senior Kotlin Developer,https://www.linkedin.com/jobs/view/3553587741/,Brazil
Career Shepherd,UI/UX Designer,https://www.linkedin.com/jobs/view/3550296984/,"Manila, National Capital Region, Philippines"
Crossover,"Python Developer, Forward Kitchens (Remote) - $60,000/year USD",https://www.linkedin.com/jobs/view/3554777541/,"Singapore, Singapore"
Crossover,"Senior Software Engineer, Forward Kitchens (Remote) - $60,000/year USD",https://www.linkedin.com/jobs/view/3554774737/,"Dubai, Dubai, United Arab Emirates"
Arcanys,Backend Developer - Node.js,https://www.linkedin.com/jobs/view/3550258777/,Philippines
"Metacom Solutions, Inc.",Cloud Specialist,https://www.linkedin.com/jobs/view/3547850255/,Philippines
Employment Hero,"Senior Fullstack Software Engineer (NodeJS, Ruby on Rails, React)",https://www.linkedin.com/jobs/view/3454677130/,Malaysia
Crossover,"Principal Software Architect, Forward Kitchens (Remote) - $100,000/year USD",https://www.linkedin.com/jobs/view/3554778480/,"Bursa, Bursa, Turkey"
Crossover,"Senior Software Architect, Trilogy (Remote) - $100,000/year USD",https://www.linkedin.com/jobs/view/3554780044/,"Addis Ababa, Addis Ababa, Ethiopia"
Crossover,"Senior Software Engineer, Trilogy (Remote) - $100,000/year USD",https://www.linkedin.com/jobs/view/3554775429/,"Accra, Greater Accra Region, Ghana"
Crossover,"Senior Software Engineer, Trilogy (Remote) - $100,000/year USD",https://www.linkedin.com/jobs/view/3554775695/,"National Capital Region, Philippines"
Hopper,"(Remote) Senior Software Engineer - Mobile Full Stack, APAC",https://www.linkedin.com/jobs/view/3555416758/,Singapore
Cloudbeds,Senior Full Stack Software Engineer - Guest Experience,https://www.linkedin.com/jobs/view/3513706086/,Brazil
Cloudbeds,Senior Full Stack Software Engineer - Guest Experience,https://www.linkedin.com/jobs/view/3513702660/,Brazil
Tata Consultancy Services,SAP MDG Consultant,https://www.linkedin.com/jobs/view/3555512600/,Brazil
Crossover,"Lead Software Engineer, Trilogy (Remote) - $100,000/year USD",https://www.linkedin.com/jobs/view/3554774587/,Morocco
Employment Hero,"Senior Fullstack Software Engineer (NodeJS, Ruby on Rails, React)",https://www.linkedin.com/jobs/view/3454677129/,Philippines
Slash,Lead Full Stack Developer,https://www.linkedin.com/jobs/view/3550259467/,"Phnom Penh, Cambodia"
abc remote,Senior Python Developer,https://www.linkedin.com/jobs/view/3552454380/,Pakistan
Crossover,"Senior Software Architect, Trilogy (Remote) - $100,000/year USD",https://www.linkedin.com/jobs/view/3554775545/,"Porto, Porto, Portugal"
Employment Hero,Remote Senior Backend Engineer - Talent Management,https://www.linkedin.com/jobs/view/3524696019/,Vietnam
Crossover,"Software Architect, Trilogy (Remote) - $100,000/year USD",https://www.linkedin.com/jobs/view/3554772905/,"Porto, Porto, Portugal"
Accountable Techserve Inc.,Senior Software Engineer / Technical Lead,https://www.linkedin.com/jobs/view/3553555232/,Nigeria
Glints,Senior Angular Web Developer,https://www.linkedin.com/jobs/view/3544544232/,Philippines
KASIKORN Business-Technology Group [KBTG],Software Engineer (New Grad - Experienced),https://www.linkedin.com/jobs/view/3381396631/,"Pak Kret, Nonthaburi, Thailand"
Employment Hero,Senior Software Engineer (Backend Security),https://www.linkedin.com/jobs/view/3487855618/,Taiwan
Employment Hero,Remote Senior Backend Engineer - Common Services,https://www.linkedin.com/jobs/view/3556434615/,"Ho Chi Minh City, Ho Chi Minh City, Vietnam"
Crossover,"Back End Developer, Trilogy (Remote) - $100,000/year USD",https://www.linkedin.com/jobs/view/3554779403/,"Lisboa, Lisbon, Portugal"
EQuantum,Back End Developer,https://www.linkedin.com/jobs/view/3547813714/,Vietnam
EPAM Anywhere,Senior Golang Developer,https://www.linkedin.com/jobs/view/3555400246/,Georgia
"Systems Technology Group, Inc. (STG)",Java Full stack developers,https://www.linkedin.com/jobs/view/3552172981/,United States
"Mercari, Inc.","Software Engineer, iOS / ソフトウェアエンジニア (iOS) - Merpay",https://www.linkedin.com/jobs/view/3455882724/,"Minato, Tokyo, Japan"
Foreks Digital Solutions,Senior Software Developer,https://www.linkedin.com/jobs/view/3547827268/,"Istanbul, Turkey"
EPAM Anywhere,Senior DevOps,https://www.linkedin.com/jobs/view/3555401083/,Georgia
Lunchbox,Back End Developer (Python Developer),https://www.linkedin.com/jobs/view/3559506781/,Turkey
Virtualmind,Senior Back-end Software Engineer (Java),https://www.linkedin.com/jobs/view/3556980781/,"Rosario, Santa Fe, Argentina"
Crossover,"Senior Software Engineer, Trilogy (Remote) - $100,000/year USD",https://www.linkedin.com/jobs/view/3554778285/,"Copenhagen, Capital Region, Denmark"
EPAM Anywhere,Lead Kotlin Developer,https://www.linkedin.com/jobs/view/3553591943/,Colombia
Crossover,"Software Architect, Trilogy (Remote) - $100,000/year USD",https://www.linkedin.com/jobs/view/3554776469/,"Turin, Piedmont, Italy"
Crossover,"Principal Software Engineer, Trilogy (Remote) - $100,000/year USD",https://www.linkedin.com/jobs/view/3554778421/,"Stockholm, Stockholm County, Sweden"
Motion Recruitment,Software Engineer,https://www.linkedin.com/jobs/view/3560045299/,"California, United States"
CyberCoders,REMOTE Backend Engineer - Ruby On Rails,https://www.linkedin.com/jobs/view/3555114533/,"Seattle, WA"
Vide Infra,Lead Generation Manager,https://www.linkedin.com/jobs/view/3551466709/,Philippines
Tata Consultancy Services,Desarrollador Full Stack React+Java Spring Boot (contrato indefinido),https://www.linkedin.com/jobs/view/3548627449/,"Santiago, Santiago Metropolitan Region, Chile"
Confidentiel,iOS Senior Developer,https://www.linkedin.com/jobs/view/3559921385/,Morocco
Solvedex,Web3 Software Engineer,https://www.linkedin.com/jobs/view/3549205726/,Colombia
Turnitin,Principal Software Engineer (USA Remote),https://www.linkedin.com/jobs/view/3452570932/,"Atlanta, GA"
Trust Wallet,Platform Engineer,https://www.linkedin.com/jobs/view/3517611285/,"Singapore, Singapore"
Understanding Recruitment,Software Engineer,https://www.linkedin.com/jobs/view/3556467352/,United States
Hopper,"Senior Software Engineer - Fullstack, Homes (Remote)",https://www.linkedin.com/jobs/view/3423532690/,United States
Hopper,"Senior Software Engineer - Fullstack, Homes (Remote)",https://www.linkedin.com/jobs/view/3423535257/,United States
Hopper,"Senior Software Engineer - Fullstack, Homes (Remote)",https://www.linkedin.com/jobs/view/3423536264/,United States
format/s GmbH,Senior Software Entwickler*in,https://www.linkedin.com/jobs/view/3536469031/,"Leipzig, Saxony, Germany"
"Verticalmove, Inc",Python Full Stack Engineer (Serverless),https://www.linkedin.com/jobs/view/3549698320/,United States
Mackinnon & Partners,Full Stack Developer App & Cloud,https://www.linkedin.com/jobs/view/3555802603/,United States
LTK (formerly rewardStyle & LIKEtoKNOW.it),"Staff Software Engineer, Backend - Links",https://www.linkedin.com/jobs/view/3393078648/,"Raleigh, NC"
Turnitin,Principal Software Engineer (USA Remote),https://www.linkedin.com/jobs/view/3452504472/,"Dallas, TX"
Compest Solutions Inc.,.Net Backend API / Eventing,https://www.linkedin.com/jobs/view/3556441881/,"Toronto, ON"
LTK (formerly rewardStyle & LIKEtoKNOW.it),"Staff Software Engineer, Backend - Links",https://www.linkedin.com/jobs/view/3393077720/,"Atlanta, GA"
EPAM Anywhere,Senior JavaScript Developer For Healthcare Company,https://www.linkedin.com/jobs/view/3555401056/,Georgia
Jobot,Full Stack Engineer,https://www.linkedin.com/jobs/view/3556174129/,"Chicago, IL"
Storyteq,Mid-level Fullstack Software Engineer,https://www.linkedin.com/jobs/view/3495417575/,Portugal
Teamcore,Mobile Engineer,https://www.linkedin.com/jobs/view/3379509419/,Chile
Braintrust,Backend Developer - Freelance [Remote],https://www.linkedin.com/jobs/view/3558671213/,"Bogota, D.C., Capital District, Colombia"
Jobot,Sr. Fullstack Nodejs Engineer,https://www.linkedin.com/jobs/view/3556171642/,"Overland Park, KS"
Modis,Senior PHP Developer,https://www.linkedin.com/jobs/view/3556410890/,United States
Hopper,"(Remote) Senior Software Engineer - Mobile Full Stack, APAC",https://www.linkedin.com/jobs/view/3371186099/,Australia
LTK (formerly rewardStyle & LIKEtoKNOW.it),"Senior Software Engineer, Backend - Links",https://www.linkedin.com/jobs/view/3393082087/,"Chicago, IL"
Sunbytes,Senior Backend Developer (Node.js),https://www.linkedin.com/jobs/view/3544549746/,Philippines
Crossover,"Technical Team Lead, Forward Kitchens (Remote) - $100,000/year USD",https://www.linkedin.com/jobs/view/3554776541/,"Toronto, ON"
LTK (formerly rewardStyle & LIKEtoKNOW.it),"Staff Software Engineer, Backend - Links",https://www.linkedin.com/jobs/view/3393081340/,"Dallas, TX"
EPAM Anywhere,Senior Python Developer,https://www.linkedin.com/jobs/view/3555295929/,Georgia
Virtualmind,Senior Back-end Software Engineer (Java),https://www.linkedin.com/jobs/view/3556982038/,"Bogotá, Capital District, Colombia"
"Mercari, Inc.","Software Engineer, Backend / ソフトウェアエンジニア (Backend) - Mercoin",https://www.linkedin.com/jobs/view/3552066516/,"Minato, Tokyo, Japan"
Coincall Exchange,Senior Java Software Engineer (Backend) - Exchange Trading System,https://www.linkedin.com/jobs/view/3560351118/,Singapore
Stott and May,Software Engineering Manager,https://www.linkedin.com/jobs/view/3556479570/,"Berlin, Germany"
Bitexen,Senior Backend Developer,https://www.linkedin.com/jobs/view/3551126360/,"Istanbul, Turkey"
adesso Romania,Lead-Senior Java Software Engineer,https://www.linkedin.com/jobs/view/3445119286/,Romania
Henry Schein One,Sr Software Engineer (Frontend),https://www.linkedin.com/jobs/view/3550969707/,United States
Jobot,Software Architect,https://www.linkedin.com/jobs/view/3550646896/,"Tampa, FL"
Molaris,.NET fejlesztő,https://www.linkedin.com/jobs/view/3554398706/,"Budapest, Hungary"
Crossover,"Lead Software Engineer, Forward Kitchens (Remote) - $100,000/year USD",https://www.linkedin.com/jobs/view/3554779305/,"Toronto, ON"
Works,Software Engineer,https://www.linkedin.com/jobs/view/3547838747/,Singapore
adesso Romania,Java Software-Entwickler,https://www.linkedin.com/jobs/view/3406061349/,Romania
BlueWillow,Senior Backend Engineer (remote),https://www.linkedin.com/jobs/view/3548429085/,United States
Optimus Search,Senior Frontend Entwickler - bis zu 85.000EUR (German Speaking),https://www.linkedin.com/jobs/view/3554097474/,"Baden-Württemberg, Germany"
Velv,Python Developer,https://www.linkedin.com/jobs/view/3552175391/,Portugal
poq,Test Automation Engineer,https://www.linkedin.com/jobs/view/3556434645/,Italy
SimplePin,Java Software Engineer,https://www.linkedin.com/jobs/view/3552186572/,United States
Novaheal GmbH,Senior Backend Developer:in - Change our healthcare system through education,https://www.linkedin.com/jobs/view/3555241144/,Germany
developrec,"Senior Backend Engineer (Java) - Remote - C1 German - €85,000",https://www.linkedin.com/jobs/view/3552085225/,Germany
Luxoft Poland,Senior/Lead DevOps Engineer,https://www.linkedin.com/jobs/view/3537369795/,Poland
Hopper,"Senior Software Engineer - Fullstack, Homes (Remote)",https://www.linkedin.com/jobs/view/3423532525/,Canada
Hopper,"Senior Software Engineer - Fullstack, Homes (Remote)",https://www.linkedin.com/jobs/view/3423529187/,Canada
LTK (formerly rewardStyle & LIKEtoKNOW.it),"Staff Software Engineer, Backend - Links",https://www.linkedin.com/jobs/view/3393077707/,"Austin, TX"
Nodes & Links,Web Developer,https://www.linkedin.com/jobs/view/3555803053/,"London, England, United Kingdom"
Enexus Global Inc.,Python Developer - Remote,https://www.linkedin.com/jobs/view/3553048876/,"Jersey City, NJ"
Constructor,Javascript Engineer : Prospect Solutions (Remote),https://www.linkedin.com/jobs/view/3558923537/,"San Francisco, CA"
EXUS,Senior Software Engineer( Fully Remote),https://www.linkedin.com/jobs/view/3560037902/,"Nicosia, Nicosia, Cyprus"
Assima,Web Developer - Javascript,https://www.linkedin.com/jobs/view/3559287518/,"Istanbul, Istanbul, Turkey"
Kingdom One,Web Developer,https://www.linkedin.com/jobs/view/3559907169/,NAMER
SoftSages Technology,Senior Java Developer:::::::::::::::::::w2 requirement::::::::::::::::hybrid,https://www.linkedin.com/jobs/view/3552273778/,"Tampa, FL"
Cyberjin,Software Engineer,https://www.linkedin.com/jobs/view/3551268581/,"Tampa, FL"
Trouva,Junior Full-Stack Software Developer,https://www.linkedin.com/jobs/view/3550218549/,"Lisboa, Lisbon, Portugal"
TekIntegral,Java Developer,https://www.linkedin.com/jobs/view/3555238273/,"Dallas, TX"
ZETTALOGIX INC,SDET(Test Automation Engineer),https://www.linkedin.com/jobs/view/3550746395/,"Owings Mills, MD"
Heart & Stroke,Software Developer - Email Developer,https://www.linkedin.com/jobs/view/3555918892/,"Toronto, ON"
Software Technology Inc.,: UI Developer,https://www.linkedin.com/jobs/view/3549939207/,United States
RADISH CONSULTANTS,Full Stack Developer,https://www.linkedin.com/jobs/view/3555286765/,United States
Saransh Inc,Senior Software Engineer,https://www.linkedin.com/jobs/view/3555240411/,United States
