Help at Home,Project Administrator Intern - (Remote),https://www.linkedin.com/jobs/view/3561604317/,"Chicago, IL"
Help at Home,Project Administrator Intern - (Remote),https://www.linkedin.com/jobs/view/3557963645/,United States
Futran Solutions,Full Stack Engineer with AI/ML expertise,https://www.linkedin.com/jobs/view/3557967956/,United States
GAMA-1 Technologies,Program Manager,https://www.linkedin.com/jobs/view/3561602635/,"Silver Spring, MD"
GAMA-1 Technologies,Cloud Software Engineer,https://www.linkedin.com/jobs/view/3561373477/,"Silver Spring, MD"
"Tanisha Systems, Inc",UI Developer with NGRX,https://www.linkedin.com/jobs/view/3557905023/,"Denver, CO"
"Stellar Consulting Solutions, LLC",Quadient Developer,https://www.linkedin.com/jobs/view/3557980379/,United States
Jobot,Senior Software Engineer,https://www.linkedin.com/jobs/view/3557577454/,"Chicago, IL"
Extend Information Systems Inc.,Java Architect,https://www.linkedin.com/jobs/view/3561306698/,United States
Envision Technology Solutions,Java Lead,https://www.linkedin.com/jobs/view/3557981093/,"Plano, TX"
Net2Source Inc.,BRMS Technical Lead,https://www.linkedin.com/jobs/view/3556990053/,United States
TEKFORTUNE INC,Enterprise Architect,https://www.linkedin.com/jobs/view/3557974114/,United States
Jobot,Senior Fullstack Developer (Remote),https://www.linkedin.com/jobs/view/3557574963/,"Los Angeles, CA"
FoxPro Technologies INC,Java Technical Lead,https://www.linkedin.com/jobs/view/3552981383/,United States
Sterrofox,JBoss Fuse Developer,https://www.linkedin.com/jobs/view/3551139674/,New York City Metropolitan Area
Jobot,Senior Full Stack Engineer,https://www.linkedin.com/jobs/view/3557985245/,"Alexandria, VA"
CTG,Integration Architect Lead,https://www.linkedin.com/jobs/view/3561306203/,United States
Insight Global,Gemfire Developer,https://www.linkedin.com/jobs/view/3552962282/,United States
Insight Global,Lead Architect,https://www.linkedin.com/jobs/view/3554209861/,"Pittsburgh, PA"
ContinuumCloud,SQL Developer,https://www.linkedin.com/jobs/view/3561512378/,"Tampa, FL"
Idea Evolver,Software Test Engineer,https://www.linkedin.com/jobs/view/3561599821/,"Philadelphia, PA"
Sefas North America,Software Engineer,https://www.linkedin.com/jobs/view/3561623433/,"Burlington, MA"
Ordaos Bio,"Platform Engineer: Python, JavaScript (Rust)",https://www.linkedin.com/jobs/view/3561514162/,"New York, United States"
RADISH CONSULTANTS,SDET with C#,https://www.linkedin.com/jobs/view/3557969962/,United States
RADISH CONSULTANTS,Business Systems Support Engineer,https://www.linkedin.com/jobs/view/3557908292/,United States
Axcient,Growth Operations Analyst,https://www.linkedin.com/jobs/view/3561693289/,"Columbus, OH"
"IT Engagements, Inc.",Urgent Requirement _ Systems Admin/Engineer,https://www.linkedin.com/jobs/view/3557927395/,"San Francisco, CA"
Fingerprint for Success (F4S),Expression of Interest: Senior DevOps Engineer,https://www.linkedin.com/jobs/view/3561370886/,"Illinois, United States"
