Motive,Embedded Engineer,https://www.linkedin.com/jobs/view/3559927284/,India
PTW,Senior Software Engineer- Graphics Designer,https://www.linkedin.com/jobs/view/3559285944/,"Bengaluru, Karnataka, India"
ISmile Technologies,Guide Wire Configuration Developer,https://www.linkedin.com/jobs/view/3555215154/,India
Builder.ai,Sales Development Representative- Cloud,https://www.linkedin.com/jobs/view/3558395417/,"Gurugram, Haryana, India"
Turito,Robotics tutor,https://www.linkedin.com/jobs/view/3552131639/,India
Velotio Technologies,Senior Software Developer - Multimedia | Remote-Friendly,https://www.linkedin.com/jobs/view/3554663473/,"Pune, Maharashtra, India"
BrightCHAMPS,Robotics Instructor - USA,https://www.linkedin.com/jobs/view/3551102509/,India
W. Gessmann GmbH,Software Developers,https://www.linkedin.com/jobs/view/3544815789/,India
Le Human Resource solutions pvt ltd,General application Embedded software development,https://www.linkedin.com/jobs/view/3234779034/,India
Zaperon,Full Stack Developer (MERN),https://www.linkedin.com/jobs/view/3555259522/,India
